plot,plot_2,SPP,DBH,CnpExp,DieB,Cond,Epi.S,Notes
1 03,1_03,RM,11.4,2,4,D,NA,Top broken off at about 5 m 
1 09,1_09,BO,31.5,2,4,D,NA,
1 09,1_09,RO,36.2,1,4,D,NA,Fungus on stem
1 09,1_09,RO,34.4,1,4,D,NA,
1 09,1_09,RO,24.3,3,4,D,NA,
1 19,1_19,WO,31.9,2,4,D,NA,
1 23,1_23,WO,25.6,3,4,D,NA,
1 23,1_23,WO,43.4,1,4,D,NA,
1 28,1_28,NS,25.5,3,4,D,NA,
1 34,1_34,WA,28.3,2,4,D,NA,D-shaped holes (EAB)
1 34,1_34,RO,54.5,1,4,D,No,
1 34,1_34,RO,58.4,1,4,D,No,
1 34,1_34,RO,41.6,2,4,D,No,Leaning 
1 34,1_34,RO,47.5,1,4,D,No,
1 34,1_34,RO,53.2,1,4,D,No,
1 40,1_40,WA,27,2,4,D,NA,"Short maybe top broken off, d shaped exit holes"
1 40,1_40,WO,24.6,2,4,D,NA,mushrooms
1 45,1_45,RO,68.3,1,4,D,NA,
1 45,1_45,RO,34.9,1,4,D,NA,Snag
1 45,1_45,RO,56.7,1,4,D,NA,
1 50,1_50,RO,23.9,1,4,D,NA,
1 51,1_51,RO,27,1,4,D,NA,
1 51,1_51,WO,27.1,1,4,D,NA,
1 51,1_51,WO,63.1,1,4,D,NA,
1 51,1_51,RO,45.8,1,4,D,NA,
1 54,1_54,RO,56.6,1,4,D,NA,
1 65,1_65,RO,36.2,1,4,D,NA,
1 67,1_67,WP,15.7,3,4,D,NA,
1 67,1_67,RO,29.2,1,4,D,NA,
1 67,1_67,WO,29.2,3,4,D,NA,
1 71,1_71,WA,38.8,1,4,D,NA,
1 71,1_71,YB,35.3,2,4,D,NA,
1 75,1_75,HL,45.4,2,4,D,NA,
1 75,1_75,HL,39.5,3,4,D,NA,Has another stem not measured
1 75,1_75,HL,40.6,2,4,D,NA,
1 75,1_75,HL,52.9,2,4,D,NA,Snag
1 80,1_80,RO,37.9,1,4,D,NA,
1 80,1_80,RO,56.7,1,4,D,NA,
1 83,1_83,RO,29,1,4,D,No,
1 83,1_83,RO,42.2,1,4,D,NA,
1 89,1_89,RO,53.2,1,4,D,NA,
1 97,1_97,WP,65.1,1,4,D,NA,Hollow
1 97,1_97,YB,22.1,1,4,D,NA,
2 07,2_07,BO,19,3,4,D,NA,
2 07,2_07,RO,46.3,1,4,D,NA,Mushrooms
2 07,2_07,WA,23.3,3,4,D,NA,
2 08,2_08,RO,50.9,1,4,D,NA,
2 08,2_08,RO,53.3,3,4,D,NA,Snag
2 08,2_08,Unknown,20.2,2,4,D,NA,Bark peeling off
2 08,2_08,Unknown,22.8,3,4,D,NA,Snag
2 08,2_08,WA,21.7,3,4,D,NA,Snag
2 15,2_15,SM,25,3,4,D,NA,"snag, bark peeling off"
2 15,2_15,SM,30.5,3,4,D,NA,snag lots of holes bark peeling off
2 15,2_15,PB,23.8,3,4,D,NA,"snag, mushrooms"
2 15,2_15,WA,60.8,1,4,D,NA,more leaves than previous still missing many
2 38,2_38,WP,17.6,3,4,D,NA,
2 38,2_38,WP,14.1,3,4,D,NA,
2 38,2_38,WP,14.1,3,4,D,NA,
2 39 ,2_39 ,RO,77.2,1,4,D,No,
2 40,2_40,RO,49,1,4,D,NA,
2 40,2_40,RO,66.7,1,4,D,NA,
2 41,2_41,WO,35.6,1,4,D,NA,
2 49,2_49,WP,27.6,1,4,D,NA,
2 49,2_49,RO,65.9,1,1,D,No,
2 49,2_49,WO,49.2,1,3,D,No,
2 49,2_49,HL,36.5,2,1,D,NA,
2 49,2_49,HL,41.6,1,3,D,NA,
2 49,2_49,HL,32,2,3,D,NA,
2 49,2_49,SM,31.2,2,3,D,NA,
2 49,2_49,PB,34.1,1,4,D,NA,snag bark peeling
2 49,2_49,PB,35.3,1,4,D,NA,"snag bark peeling, many holes"
2 49,2_49,PB,32.5,2,4,D,NA,snag bark peeling
2 49,2_49,PB,23.1,2,4,D,NA,snag bark peeling
2 49,2_49,Unknown,23.2,3,4,D,NA,Snag no bark
3 14,3_14,RO,43.434,1,4,D,NA,
3 15,3_15,RO,56.896,1,4,D,NA,
3 15,3_15,WP,51.816,3,4,D,NA,
3 15,3_15,RO,40.64,2,4,D,NA,
3 17,3_17,WO,74.8,2,4,D,No,
3 17,3_17,RO,86.3,1,4,D,No,
3 19,3_19,BO,58.9,1,4,D,NA,
3 19,3_19,BO,31.1,2,4,D,NA,
3 19,3_19,RO,45.3,1,4,D,NA,
3 19,3_19,RO,49.6,1,4,D,NA,mushrooms
3 19,3_19,BO,32.8,1,4,D,NA,
3 20,3_20,RO,38,1,4,D,No,"dead oak, big spider?"
3 20,3_20,RO,43.1,1,4,D,No,
3 20,3_20,RO,36.2,1,4,D,No,
3 22,3_22,RO,80.3,1,4,D,No,
3 22,3_22,RO,85.8,1,4,D,No,
3 25,3_25,WO,42.3,1,4,D,NA,
3 28,3_28,BO,53.5,1,4,D,NA,
3 28,3_28,BO,48.4,1,4,D,NA,
3 35,3_35,BO,69.9,1,4,D,NA,
3 35,3_35,BO,57.1,1,4,D,NA,
3 39,3_39,WP,54.6,2,4,D,NA,
3 39,3_39,BB,40.7,2,4,D,NA,
3 39,3_39,RO,81,1,4,D,NA,
3 4,3_4,BB,41.9,1,4,D,NA,
3 4,3_4,WO,51,1,4,D,No,
3 54,3_54,WO,29.6,1,4,D,NA,
3 55,3_55,RO,46.5,1,4,D,NA,
3 55,3_55,RM,16.5,3,4,D,NA,
3 55,3_55,RO,45.8,1,4,D,NA,
3 55,3_55,RO,71.5,1,4,D,NA,
3 62,3_62,WP,15.3,3,4,D,NA,top broken off
3 62,3_62,WP,12.8,3,4,D,NA,
3 71,3_71,WA,42.1,3,4,D,NA,leaning
3 71,3_71,HL,57.5,3,4,D,NA,
3 73,3_73,WA,23.2,3,4,D,NA,
3 74,3_74,RO,20.7,3,4,D,No,top snapped off
3 75,3_75,RM,44.5,2,4,D,NA,
3 75,3_75,RM,27.7,3,4,D,NA,
3 77,3_77,RM,49.2,1,4,D,NA,"no bark, snag very dead"
3 78,3_78,BB,14.1,3,4,D,NA,Snag
3 78,3_78,RM,54.7,1,4,D,NA,
3 78,3_78,HdWd,40.3,3,4,D,NA,"snag, very decayed "
3 80,3_80,RM,16.6,3,4,D,NA,Leaning
3 80,3_80,WO,26.7,1,4,D,NA,
3 83,3_83,WA,16.5,3,4,D,NA,
3 85,3_85,RM,13.7,2,4,D,NA,
3 85,3_85,RM,26.2,3,4,D,NA,
3 85,3_85,WO,31.8,1,4,D,NA,
3 88,3_88,RO,48,1,4,D,NA,
3 88,3_88,RO,45.7,1,4,D,NA,
3 88,3_88,RO,77.7,1,4,D,NA,
3 88,3_88,RO,47,1,4,D,NA,
3 96,3_96,WP,34.1,3,4,D,NA,
3 97,3_97,HdWd,82.1,1,4,D,NA,"tall snag, no bark"
3 99,3_99,PB,53,2,4,D,NA,
3 99,3_99,RO,63.1,1,4,D,NA,
4 12,4_12,RO,87.7,1,4,D,No,
4 12,4_12,RO,89.7,1,4,D,No,
4 12,4_12,RO,82.3,1,4,D,No,
4 12,4_12,RO,28,1,4,D,No,
4 13,4_13,RO,69.6,1,4,D,NA,
4 13,4_13,RO,74.3,1,4,D,NA,
4 13,4_13,RO,63.9,1,4,D,NA,
4 13,4_13,RO,43.1,1,4,D,NA,
4 13,4_13,RO,77.8,1,4,D,NA,
4 16,4_16,WO,49.3,1,4,D,NA,Still partially attached; split broken large snag; fell recently
4 25,4_25,RO,77.5,1,4,D,NA,
4 26,4_26,RO,84.6,1,4,D,NA,
4 26,4_26,RO,83.1,1,4,D,NA,
4 27,4_27,RO,16.6,3,4,D,NA,
4 27,4_27,RO,21.8,3,4,D,NA,
4 33,4_33,RO,23.4,2,4,D,NA,
4 35,4_35,Unknown,21.7,1,4,D,NA,
4 37,4_37,RO,41.1,1,4,D,NA,
4 37,4_37,RO,37.2,1,4,D,NA,
4 37,4_37,RO,33.4,2,4,D,NA,
4 39,4_39,RO,45.3,1,4,D,NA,
4 39,4_39,RO,59.5,1,4,D,NA,
4 39,4_39,RO,36,1,4,D,NA,
4 56,4_56,RO,88.9,1,4,D,NA,
4 56,4_56,WO,59.1,1,4,D,NA,
4 56,4_56,RO,36.5,1,4,D,NA,
4 56,4_56,RO,65.1,1,4,D,NA,
4 56,4_56,RO,66.6,1,4,D,NA,
4 56,4_56,RO,56.7,1,4,D,NA,
4 56,4_56,RO,64.8,1,4,D,NA,
4 56,4_56,RO,59.5,1,4,D,NA,
4 56,4_56,RO,71.3,1,4,D,NA,
4 57,4_57,RO,60,1,4,D,NA,
4 57,4_57,RO,43.9,1,4,D,NA,
4 62,4_62,WA,26.3,1,4,D,NA,
4 64,4_64,RO,55.7,1,4,D,NA,
4 64,4_64,RO,50.3,1,4,D,NA,
4 64,4_64,RO,44,1,4,D,NA,
4 72,4_72,WO,76,1,4,D,NA,
4 72,4_72,RO,64.2,1,1,D,NA,
4 72,4_72,RO,56.1,1,4,D,NA,
4 72,4_72,RO,54.6,1,4,D,NA,
4 72,4_72,RO,72.9,1,4,D,NA,
4 77,4_77,RO,95.7,1,4,D,NA,growing on side of road and barbed wire 
4 77,4_77,RO,59.8,1,4,D,NA,
4 85,4_85,BB,16.9,3,4,D,NA,
4 85,4_85,BB,30.1,2,1,D,NA,
4 87,4_87,WP,39.6,1,4,D,NA,Missing bark
5 00,5_00,WA,26.9,3,4,D,NA,
5 00,5_00,Unknown,24.2,3,1,D,NA,
5 07,5_07,WO,73,1,4,D,NA,
5 12,5_12,WP,78,1,4,D,NA,Top off
5 15,5_15,RO,54.1,3,4,D,NA,
5 15,5_15,WA,33.2,1,4,D,NA,
5 24,5_24,WA,35.8,1,4,D,NA,
5 24,5_24,BO,52.8,1,4,D,NA,
5 24,5_24,BO,52,1,4,D,NA,
5 27,5_27,WA,29.6,1,4,D,NA,
5 27,5_27,RM,24.7,3,4,D,NA,
5 27,5_27,RO,44.3,1,4,D,NA,
5 38,5_38,RO,40.1,1,4,D,NA,
5 54,5_54,PB,29.7,3,4,D,NA,
5 55,5_55,BO,18.9,3,4,D,NA,
5 56,5_56,PB,29.8,3,1,D,NA,
5 56,5_56,BO,57.5,1,4,D,NA,
5 58,5_58,RM,41.5,1,1,D,NA,
5 75,5_75,SM,49.8,2,4,D,NA,
5 77,5_77,WA,31.2,2,4,D,NA,
5 86,5_86,RM,30.3,2,4,D,NA,
5 87,5_87,PB,22,3,4,D,NA,
5 87,5_87,WO,63.1,1,4,D,NA,
5 88,5_88,WP,19.1,2,4,D,NA,bark missing
5 88,5_88,BB,31,1,4,D,NA,missing some bark
5 90,5_90,RO,29.4,3,4,D,NA,
6 03,6_03,RO,79.1,1,4,D,NA,
6 03,6_03,BO,47.3,1,4,D,NA,
6 03,6_03,BO,53.5,1,4,D,NA,
6 03,6_03,RO,55.9,1,4,D,NA,Same tree
6 03,6_03,RO,102.9,1,4,D,NA,Same tree
6 04,6_04,RO,69.9,1,4,D,NA,
6 04,6_04,RO,83.6,1,4,D,NA,
6 04,6_04,BC,24.6,3,4,D,NA,"snag, black cherry"
6 05,6_05,RO,43.4,1,4,D,NA,double
6 05,6_05,RO,70.7,1,4,D,NA,double
6 05,6_05,RO,66.7,1,4,D,NA,double
6 05,6_05,RO,50.2,1,4,D,NA,
6 05,6_05,RO,84,1,4,D,NA,double
6 05,6_05,RO,59.9,1,4,D,NA,
6 05,6_05,RO,56.5,1,4,D,NA,
6 05,6_05,RO,58.1,1,4,D,NA,
6 05,6_05,RO,65.3,1,4,D,NA,
6 08,6_08,RO,30.4,1,4,D,NA,
6 08,6_08,RO,50.7,1,4,D,NA,
6 11,6_11,RO,76.8,1,4,D,NA,
6 11,6_11,RO,35.5,1,4,D,NA,
6 13,6_13,YB,34.2,1,4,D,NA,
6 13,6_13,RO,39.9,1,4,D,NA,
6 23,6_23,WO,44.9,1,4,D,NA,
6 23,6_23,WO,44.3,1,4,D,NA,
6 23,6_23,RO,42.2,1,4,D,NA,
6 23,6_23,WO,33.3,1,4,D,NA,
6 24,6_24,RO,41.8,1,4,D,NA,
6 28,6_28,WP,29.9,3,4,D,NA,Most indicators of species vague
6 28,6_28,RO,23.5,3,4,D,NA,
6 29,6_29,RO,40.5,1,4,D,NA,
6 33,6_33,RO,46.4,1,4,D,NA,
6 33,6_33,WO,31.4,1,4,D,NA,
6 35,6_35,RO,45,1,4,D,NA,
6 35,6_35,WO,54.2,1,4,D,NA,
6 37,6_37,HL,60.2,1,4,D,NA,
6 42,6_42,BO,58.4,1,4,D,NA,Many mushrooms
6 42,6_42,WP,68.8,1,4,D,NA,hollow
6 46,6_46,HL,20.1,2,4,D,NA,"no needles, many broken branches"
6 56,6_56,RO,53.8,1,4,D,NA,
6 56,6_56,RO,45.9,1,4,D,NA,
6 56,6_56,WP,24.8,3,4,D,NA,
6 56,6_56,WP,20.7,3,4,D,NA,
6 65,6_65,WO,52.1,2,4,D,NA,
6 65,6_65,RM,15.2,3,4,D,NA,
6 65,6_65,RO,55.4,1,4,D,NA,
6 65,6_65,RO,53.8,1,4,D,NA,
6 65,6_65,WA,63.7,1,4,D,NA,
6 65,6_65,RO,65.9,1,4,D,NA,
6 65,6_65,RO,59.6,1,4,D,NA,
6 66,6_66,WA,63.5,3,4,D,NA,Snag
6 66,6_66,RO,57.7,1,4,D,NA,
6 66,6_66,RO,54.2,1,4,D,NA,
6 67,6_67,WP,17.3,3,4,D,NA,
6 68,6_68,RO,64.3,1,4,D,NA,Multistem
6 68,6_68,RO,63,1,4,D,NA,Multistem
6 68,6_68,RO,86,1,4,D,NA,Multistem
6 68,6_68,RO,57.5,1,4,D,NA,
6 68,6_68,RO,39.5,1,4,D,NA,
6 68,6_68,WP,23.1,2,4,D,NA,
6 69,6_69,WP,32.4,3,4,D,NA,
6 69,6_69,RO,34.6,1,4,D,NA,
6 70,6_70,PB,35,3,4,D,NA,double stem
6 70,6_70,PB,28.8,2,4,D,NA,double stem
6 70,6_70,RO,57.9,1,4,D,NA,
6 72,6_72,RO,70.6,1,4,D,NA,
6 72,6_72,RO,53.6,1,4,D,NA,Double stem
6 72,6_72,RO,54.5,1,4,D,NA,Double stem
6 77,6_77,WP,44.4,1,4,D,NA,
6 77,6_77,WP,72.9,1,1,D,NA,
6 77,6_77,WP,19.8,3,4,D,NA,
6 77,6_77,WP,33.4,3,4,D,NA,
6 78,6_78,RO,51.6,1,4,D,NA,
6 78,6_78,RO,59.7,1,4,D,NA,
6 78,6_78,RO,58.5,1,4,D,NA,
6 82,6_82,RO,64.2,1,4,D,NA,Mushrooms
6 82,6_82,RO,68.3,1,4,D,NA,
6 82,6_82,RO,47,1,4,D,NA,
6 82,6_82,RO,60,1,4,D,NA,
6 82,6_82,WO,39.4,1,4,D,NA,
6 84,6_84,BO,38.6,1,4,D,NA,
6 84,6_84,BB,14.1,3,4,D,NA,
6 85,6_85,RO,72.3,1,4,D,NA,
6 85,6_85,BO,33.4,3,4,D,NA,snag
6 85,6_85,RO,64.7,1,4,D,NA,
6 89,6_89,RM,24.5,3,4,D,NA,Snag
6 89,6_89,RM,37.3,2,4,D,NA,Snag
6 90,6_90,WP,38.8,2,4,D,NA,
6 91,6_91,RO,67.7,1,4,D,NA,
6 93,6_93,RO,66.5,1,4,D,NA,
6 93,6_93,RM,19.1,2,4,D,NA,Snag
6 93,6_93,RO,64.4,1,4,D,NA,
6 93,6_93,WO,42.4,1,4,D,NA,
6 93,6_93,RO,46.7,1,4,D,NA,
1 00,1_00,RO,41.5,1,1,L,Yes,
1 00,1_00,RO,32.1,1,1,L,Yes,
1 00,1_00,WP,29.3,1,2,L,NA,
1 00,1_00,RO,37.8,1,2,L,Yes,
1 00,1_00,WP,25.3,2,1,L,NA,
1 00,1_00,WP,32.8,2,1,L,NA,
1 00,1_00,RO,46.2,1,1,L,Yes,
1 00,1_00,RO,54.4,1,2,L,Yes,
1 00,1_00,RO,22.5,2,1,L,Yes,
1 01,1_01,HL,74.8,1,4,L,NA,"Some needles mostlye gone, dying, fungi"
1 01,1_01,RO,38.5,2,2,L,Yes,
1 01,1_01,WP,59.1,1,1,L,NA,
1 01,1_01,WP,69,1,1,L,NA,
1 01,1_01,RO,49.9,1,1,L,Yes,
1 01,1_01,WP,55.5,1,1,L,NA,
1 01,1_01,WP,47.7,1,1,L,NA,
1 03,1_03,BB,32.9,1,1,L,NA,
1 03,1_03,WP,42.4,1,1,L,NA,
1 03,1_03,RM,15.4,2,1,L,NA,
1 03,1_03,WP,56.9,1,1,L,NA,
1 03,1_03,RO,46.7,1,1,L,No,
1 03,1_03,RM,11.5,3,2,L,NA,
1 07,1_07,RO,39.8,1,2,L,Yes,
1 07,1_07,WP,46,1,1,L,NA,
1 07,1_07,RO,36.8,2,1,L,Yes,
1 07,1_07,RO,40.8,1,1,L,No,
1 07,1_07,RO,43.7,1,1,L,Yes,
1 09,1_09,RO,35,1,3,L,Yes,
1 09,1_09,RO,24.2,2,2,L,Yes,
1 13,1_13,RO,67,1,1,L,No,
1 13,1_13,WP,67.2,1,1,L,NA,
1 13,1_13,WP,66.3,1,1,L,NA,"Multistems, more than 3"
1 13,1_13,WP,67.9,1,1,L,NA,Double stem
1 13,1_13,WP,63.5,1,1,L,NA,double stem
1 13,1_13,WP,52.7,1,1,L,NA,
1 13,1_13,WP,36.6,2,1,L,NA,
1 13,1_13,WP,48.2,1,1,L,NA,
1 13,1_13,WP,61.3,1,1,L,NA,double stem
1 13,1_13,WP,36.5,1,1,L,NA,double stem
1 13,1_13,WP,59,1,1,L,NA,double stem
1 13,1_13,WP,36.9,1,1,L,NA,
1 19,1_19,RO,24.7,2,1,L,Yes,
1 19,1_19,RO,31.8,2,2,L,Yes,
1 19,1_19,RO,44.3,1,1,L,No,"Some dieback, not enough"
1 19,1_19,RO,50.6,1,1,L,Yes,"Some dieback, not enough"
1 19,1_19,WO,27.6,2,1,L,Yes,"Some dieback, not enough"
1 19,1_19,WP,27.7,1,1,L,NA,
1 19,1_19,WP,19.9,3,2,L,NA,
1 19,1_19,WO,41,1,1,L,Yes,
1 19,1_19,WO,49.7,1,1,L,Yes,
1 19,1_19,RM,19.9,3,1,L,NA,
1 19,1_19,RO,36.8,1,1,L,Yes,
1 23,1_23,WP,56.1,1,1,L,NA,
1 23,1_23,BO,67.9,1,1,L,No,
1 23,1_23,WP,46,1,1,L,NA,
1 23,1_23,RM,31,1,1,L,NA,
1 23,1_23,WP,52.8,1,1,L,NA,
1 23,1_23,WP,45.2,1,1,L,NA,
1 23,1_23,WP,56.7,1,1,L,NA,
1 23,1_23,RO,49.7,1,2,L,Yes,
1 23,1_23,WP,42.6,1,1,L,NA,
1 23,1_23,WP,57.1,1,1,L,NA,
1 23,1_23,WP,63.5,1,1,L,NA,
1 23,1_23,WO,35.6,2,1,L,Yes,
1 23,1_23,WP,45.3,1,1,L,NA,
1 23,1_23,WP,43.7,1,1,L,NA,
1 23,1_23,RO,55.8,1,2,L,Yes,
1 23,1_23,WO,37.1,1,1,L,No,
1 28,1_28,SM,76.7,2,3,L,NA,"Live branch, main trunk is dead"
1 28,1_28,NS,22.7,2,1,L,NA,
1 28,1_28,NS,22.4,3,1,L,NA,
1 28,1_28,RM,17.4,3,1,L,NA,
1 28,1_28,SM,36.6,1,1,L,NA,
1 28,1_28,WP,61.8,1,1,L,NA,
1 28,1_28,RM,36.8,2,1,L,NA,
1 28,1_28,WP,57.3,1,1,L,NA,
1 28,1_28,RM,33.1,2,1,L,NA,
1 28,1_28,WP,102.2,1,1,L,NA,
1 29,1_29,WP,18.5,1,1,L,NA,
1 29,1_29,RO,43.6,1,1,L,Yes,Also in Plot 1-7
1 29,1_29,RO,35.3,1,2,L,Yes,
1 29,1_29,RM,22,3,1,L,NA,
1 29,1_29,RM,29.2,2,1,L,NA,
1 29,1_29,RO,53.1,1,2,L,Yes,
1 29,1_29,RO,59,1,1,L,Yes,
1 29,1_29,RM,18.2,2,1,L,NA,
1 29,1_29,WP,29.4,3,1,L,NA,
1 30,1_30,SM,74,1,1,L,NA,
1 30,1_30,YB,10.4,2,1,L,NA,
1 30,1_30,BB,13.7,1,1,L,NA,
1 30,1_30,SM,50.5,2,1,L,NA,
1 31,1_31,WP,28.7,1,1,L,NA,
1 31,1_31,WP,35.5,1,1,L,NA,
1 32,1_32,RO,50,1,2,L,Yes,
1 32,1_32,RO,54.8,1,2,L,Yes,
1 32,1_32,RO,51.3,1,2,L,No,Cracks in trunk
1 33,1_33,WP,35.9,1,1,L,NA,
1 34,1_34,RM,37.4,1,1,L,NA,
1 34,1_34,RM,26.2,1,1,L,NA,
1 34,1_34,RM ,21.8,2,1,L,NA,
1 34,1_34,RO,74.4,1,1,L,Yes,
1 38,1_38,WP,52.4,1,1,L,NA,
1 38,1_38,RO,62.2,1,1,L,Yes,asparagus
1 38,1_38,WP,49.5,1,1,L,NA,
1 38,1_38,WP,69.8,1,1,L,NA,
1 38,1_38,WP,61.6,1,1,L,NA,
1 38,1_38,WP,56.2,1,1,L,NA,
1 38,1_38,WP,59,1,1,L,NA,
1 40,1_40,WP,58.3,1,1,L,NA,
1 40,1_40,RO,35.5,1,1,L,Yes,
1 40,1_40,RO,24.9,1,1,L,Yes,
1 40,1_40,WP,20.8,2,3,L,NA,
1 40,1_40,WO,29.4,1,1,L,Yes,
1 40,1_40,RO,47,1,1,L,Yes,one big dead branch
1 40,1_40,WP,34.4,1,1,L,NA,
1 40,1_40,WO,40.2,1,2,L,Yes,
1 40,1_40,WP,18.9,2,2,L,NA,
1 40,1_40,RM,28,1,1,L,NA,
1 40,1_40,WP,58.2,1,1,L,NA,
1 40,1_40,RO,43.9,1,1,L,Yes,
1 40,1_40,RO,32.6,1,1,L,Yes,
1 40,1_40,RM,34.8,2,1,L,NA,leaning 
1 40,1_40,RM,26.5,2,1,L,NA,double stem
1 40,1_40,WP,44.3,1,1,L,NA,double stem
1 41,1_41,RM,22.7,1,1,L,NA,
1 41,1_41,WP,22,1,1,L,NA,
1 41,1_41,WP,36,1,1,L,NA,
1 41,1_41,WP,39.9,1,1,L,NA,
1 41,1_41,RO,55.7,1,1,L,Yes,
1 41,1_41,WP,44.9,1,1,L,NA,
1 41,1_41,WP,33.7,1,1,L,NA,
1 41,1_41,WP,60.9,1,1,L,NA,
1 41,1_41,WP,41.5,1,1,L,NA,
1 41,1_41,WP,19.5,2,1,L,NA,
1 41,1_41,WP,64.1,1,1,L,NA,
1 41,1_41,RO,44.5,1,2,L,Yes,
1 45,1_45,RO,49.6,1,2,L,Yes,
1 45,1_45,BB,13.2,1,1,L,NA,
1 45,1_45,BB,12.6,1,1,L,NA,
1 45,1_45,RO,40.2,1,4,L,NA,
1 45,1_45,RO,49.1,1,2,L,Yes,
1 45,1_45,RO,34.8,1,4,L,NA,
1 45,1_45,BO,36.3,3,4,L,NA,Maybe CO
1 45,1_45,Hk,37.5,1,1,L,NA,
1 46,1_46,BB,11.8,1,1,L,NA,
1 47,1_47,WP,21.1,1,1,L,NA,
1 47,1_47,RO,56.7,1,1,L,Yes,
1 47,1_47,RO,55.9,1,1,L,Yes,
1 47,1_47,WP,94.2,1,1,L,NA,
1 47,1_47,WP,10.9,2,4,L,NA,
1 47,1_47,BO,39.2,1,1,L,Yes,
1 50,1_50,RO,26,1,2,L,Yes,
1 50,1_50,RO,31.9,1,2,L,Yes,
1 50,1_50,RO,34.6,1,1,L,No,
1 50,1_50,RO,41.9,1,1,L,Yes,
1 50,1_50,RO,32.3,1,1,L,Yes,
1 50,1_50,WP,22.2,2,2,L,NA,
1 50,1_50,WP,20.1,2,2,L,NA,
1 50,1_50,WP,25.3,1,2,L,NA,
1 50,1_50,RO,45.1,1,1,L,Yes,
1 51,1_51,RM,28.5,2,1,L,NA,
1 51,1_51,RM,21.7,3,1,L,NA,
1 51,1_51,RO,38.5,1,1,L,Yes,Double stem
1 51,1_51,RO,49.2,1,1,L,Yes,Double stem
1 51,1_51,RM,27.1,1,1,L,NA,
1 51,1_51,RM,23.9,1,1,L,NA,
1 51,1_51,RM,22.6,1,1,L,NA,
1 51,1_51,RM,29.9,1,1,L,NA,
1 52,1_52,BB,17.6,2,1,L,NA,
1 52,1_52,BB,30.4,2,1,L,NA,
1 52,1_52,WP,59,1,1,L,NA,
1 52,1_52,RM,41.9,1,1,L,NA,
1 52,1_52,WP,50.2,1,2,L,NA,
1 52,1_52,HL,48.4,1,1,L,NA,
1 52,1_52,RO,30.4,2,2,L,Yes,
1 52,1_52,WP,58.9,1,1,L,NA,
1 54,1_54,HL,35.6,1,4,L,NA,
1 54,1_54,RO,35.6,1,1,L,Yes,
1 54,1_54,RO,47.2,1,1,L,Yes,
1 54,1_54,RO,47.1,1,1,L,Yes,
1 54,1_54,RO,90.3,1,2,L,Yes,Triple stem (1 dead stem) nails in bark
1 54,1_54,RO,69.3,1,2,L,Yes,
1 54,1_54,RO,57.4,1,1,L,Yes,
1 54,1_54,RO,53.3,1,1,L,No,
1 54,1_54,RO,42.9,1,1,L,No,
1 54,1_54,BB,12.3,3,1,L,NA,
1 54,1_54,RM,16.3,3,1,L,NA,
1 54,1_54,BB,15.5,2,1,L,NA,
1 54,1_54,RM,25.5,1,1,L,NA,
1 56,1_56,BB,15.2,2,1,L,NA,
1 56,1_56,RO,68.1,1,1,L,Yes,
1 56,1_56,RO,64.5,1,2,L,Yes,
1 56,1_56,RO,44.6,1,2,L,Yes,
1 56,1_56,RO,69.8,1,1,L,Yes,
1 56,1_56,BB,20.7,2,1,L,NA,
1 56,1_56,BB,19.4,3,1,L,NA,
1 56,1_56,RM,27.3,3,1,L,NA,
1 56,1_56,RO,42.1,1,1,L,Yes,
1 56,1_56,RO,60.2,1,2,L,Yes,
1 56,1_56,RO,62.6,1,2,L,Yes,
1 56,1_56,RO,52.2,1,2,L,Yes,
1 65,1_65,YB,16.7,1,1,L,NA,
1 65,1_65,RO,67,1,1,L,Yes,
1 65,1_65,WP,47.5,1,1,L,NA,"Full, lots of needles, dark green"
1 65,1_65,CO,46.4,1,1,L,Yes,
1 67,1_67,WP,54.2,1,1,L,NA,
1 67,1_67,BB,31.3,2,1,L,NA,
1 67,1_67,BB,11,3,1,L,NA,
1 67,1_67,RM,24.3,2,1,L,NA,
1 67,1_67,RO,51.7,1,1,L,No,Share a base
1 67,1_67,RO,44.7,1,2,L,Yes,Share a base
1 67,1_67,RO,44.2,1,2,L,Yes,
1 67,1_67,Be,49.6,1,1,L,NA,
1 67,1_67,RO,46.9,1,1,L,Yes,
1 67,1_67,RO,46.2,1,2,L,Yes,
1 69,1_69,RO,46.1,1,1,L,Yes,
1 69,1_69,RO,54.8,1,1,L,Yes,Leaning towards open road timber
1 69,1_69,RO,51.2,1,1,L,Yes,
1 69,1_69,RM,12.8,1,1,L,NA,
1 71,1_71,RO,55.1,1,1,L,Yes,
1 73,1_73,RM,23.4,3,1,L,NA,
1 73,1_73,RM,40.6,2,1,L,NA,
1 73,1_73,RM,43.8,2,1,L,NA,
1 73,1_73,RO,41.8,1,1,L,Yes,
1 75,1_75,RO,28.1,2,2,L,Yes,
1 75,1_75,HL,34.9,2,3,L,NA,Hardly any needles
1 75,1_75,RO,56.3,1,1,L,No,
1 75,1_75,BB,41,1,1,L,NA,
1 75,1_75,WP,51.2,1,1,L,NA,Double stem
1 75,1_75,BO,52.4,1,2,L,No,
1 75,1_75,PB,29.7,2,1,L,NA,
1 75,1_75,HL,57.3,1,2,L,NA,
1 75,1_75,HL,45.9,1,3,L,NA,
1 80,1_80,RM,14.1,2,1,L,NA,
1 80,1_80,RM,17.5,3,2,L,NA,
1 80,1_80,RO,37.9,1,2,L,Yes,Double stem
1 80,1_80,RO,43.6,1,2,L,Yes,Double stem
1 80,1_80,RO,55.7,1,2,L,Yes,
1 80,1_80,RO,43.2,1,1,L,Yes,
1 80,1_80,RO,37.6,1,1,L,Yes,
1 80,1_80,RO,39.9,1,1,L,Yes,Double stem
1 83,1_83,HL,32.2,2,2,L,NA,top snapped off
1 83,1_83,RM,15.5,1,2,L,NA,
1 83,1_83,RM,19,2,1,L,NA,
1 83,1_83,RO,51,1,1,L,Yes,"few dead branches, not much dieback"
1 83,1_83,RO,53,1,2,L,Yes,lots of dieback on outer edges of canopy
1 83,1_83,RO,52.8,1,1,L,No,
1 89,1_89,BB,29.3,1,1,L,NA,
1 89,1_89,WP,56,1,1,L,NA,
1 89,1_89,RM,44.1,1,1,L,NA,
1 89,1_89,RM,35.8,1,1,L,NA,
1 89,1_89,BB,11,2,1,L,NA,
1 89,1_89,RM,30.4,1,1,L,NA,
1 90,1_90,BB,11.5,1,1,L,NA,
1 90,1_90,WP,61.8,1,1,L,NA,
1 90,1_90,WP,48.2,1,1,L,NA,
1 90,1_90,WP,45.5,1,1,L,NA,
1 90,1_90,WP,48.1,1,1,L,NA,
1 90,1_90,WP,61.2,1,1,L,NA,
1 90,1_90,BB,11.7,2,1,L,NA,
1 90,1_90,WP,59.7,1,1,L,NA,
1 90,1_90,WP,70,1,1,L,NA,Rock wall by it
1 90,1_90,WP,67.9,1,1,L,NA,
1 95,1_95,WP,51.2,1,1,L,NA,White stuff (sap?) on branches
1 95,1_95,WP,45.3,1,1,L,NA,
1 97,1_97,WP,79.2,1,1,L,NA,
1 97,1_97,WP,62.7,1,1,L,NA,
1 97,1_97,BB,11.9,2,1,L,NA,
1 97,1_97,BB,10.3,2,1,L,NA,
1 97,1_97,BB,17,2,1,L,NA,leading becasue of fallen oak
1 97,1_97,WP,48.9,1,1,L,NA,
1 97,1_97,WP,51.3,1,1,L,NA,
1 97,1_97,WP,66.9,1,1,L,NA,
1 97,1_97,WP,52.9,1,1,L,NA,
1 97,1_97,WP,63.8,1,1,L,NA,
1 97,1_97,WP,46.3,1,1,L,NA,
1 97,1_97,WP,65.4,1,1,L,NA,
1 98,1_98,WP,32.9,1,1,L,NA,
1 98,1_98,WP,59.8,1,1,L,NA,
1 98,1_98,WP,27.2,2,1,L,NA,
1 98,1_98,WP,17.5,2,2,L,NA,
1 98,1_98,RM,76.4,1,2,L,NA,Double stem with 1 fallen stem
1 98,1_98,WP,19.5,2,1,L,NA,
1 98,1_98,WP,21.9,2,1,L,NA,
1 98,1_98,WP,20.7,2,1,L,NA,
1 98,1_98,WP,23.2,2,1,L,NA,
1 98,1_98,WP,69.4,1,1,L,NA,
1 98,1_98,WP,15.8,2,1,L,NA,
1 98,1_98,WP,17.7,2,1,L,NA,
1 98,1_98,WP,58.4,1,1,L,NA,
1 98,1_98,WP,60.2,1,1,L,NA,
1 98,1_98,WP,20,2,1,L,NA,
2 05,2_05,RO,40,2,1,L,Yes,Triple stem
2 05,2_05,RO,40.2,2,1,L,Yes,Triple stem
2 05,2_05,RO,35.7,2,1,L,No,Triple stem
2 05,2_05,RO,38.4,1,1,L,Yes,"Triple stem, third is dead"
2 05,2_05,RO,40.4,1,2,L,Yes,"Triple stem, third is dead"
2 05,2_05,RO,34.6,1,1,L,Yes,
2 05,2_05,RO,38.5,1,1,L,No,
2 05,2_05,RO,41.5,1,1,L,Yes,
2 05,2_05,RO,27.5,1,1,L,No,
2 05,2_05,RO,35.5,2,1,L,Yes,
2 07,2_07,SM,16.2,3,1,L,NA,
2 07,2_07,RO,32.4,2,1,L,Yes,
2 07,2_07,RO,35.7,3,1,L,Yes,
2 07,2_07,RO,56.3,1,1,L,Yes,
2 07,2_07,RO,39.1,1,1,L,No,double stem
2 07,2_07,RM,18,3,1,L,NA,
2 07,2_07,BB,36.1,2,1,L,NA,
2 07,2_07,RO,39.1,1,1,L,No,
2 07,2_07,RO,42.1,1,1,L,Yes,
2 07,2_07,RM,24,3,1,L,NA,
2 07,2_07,Hk,15.2,3,2,L,NA,
2 07,2_07,WA,24.2,1,4,L,NA,
2 07,2_07,RO,58.6,1,1,L,Yes,
2 08,2_08,SM,25.4,2,1,L,NA,
2 08,2_08,RO,43.5,2,1,L,Yes,
2 08,2_08,RO,56.6,1,1,L,Yes,
2 08,2_08,RO,54.4,1,1,L,No,
2 08,2_08,RO,43.7,2,1,L,No,
2 08,2_08,RO,47.3,3,1,L,Yes,
2 08,2_08,RO,39.3,1,1,L,No,
2 08,2_08,RO,41.1,1,1,L,Yes,
2 08,2_08,RO,53.2,1,1,L,No,
2 08,2_08,RO,49,1,2,L,No,
2 08,2_08,RO,58.1,1,1,L,Yes,
2 08,2_08,SM,21.7,2,1,L,NA,
2 08,2_08,SM,16.8,3,1,L,NA,
2 08,2_08,BO,40.3,1,1,L,Yes,
2 15,2_15,SM,29.1,1,1,L,NA,
2 15,2_15,RM,58.1,1,1,L,NA,triple stem
2 15,2_15,SM,92.4,1,1,L,NA,"double stem, tree growing into metal pole"
2 15,2_15,RO,77.5,1,2,L,Yes,
2 15,2_15,WA,48.4,1,4,L,NA,only a couple leaves mostly dead
2 15,2_15,RO,110.1,1,2,L,Yes,triple stem
2 15,2_15,WP,72.9,1,1,L,NA,across a creek
2 15,2_15,SM,22.5,2,3,L,NA,
2 15,2_15,RM,18.2,1,1,L,NA,
2 15,2_15,RM,43.3,1,2,L,NA,
2 15,2_15,WA,35.8,1,4,L,NA,
2 16,2_16,SM,41.8,1,1,L,NA,
2 16,2_16,SM,29.2,1,1,L,NA,
2 16,2_16,RO,46.1,1,2,L,Yes,
2 16,2_16,RO,40.5,1,2,L,Yes,
2 16,2_16,WP,18.2,3,4,L,NA,
2 16,2_16,WP,39.4,2,2,L,NA,
2 16,2_16,WP,43.6,1,1,L,NA,
2 16,2_16,Hk,20.8,1,3,L,NA,"Large scar towards base, bark peeling"
2 16,2_16,WP,51.6,1,1,L,NA,
2 16,2_16,SM,34.9,1,1,L,NA,
2 16,2_16,WP,17.5,3,3,L,NA,
2 16,2_16,WP,13.5,3,4,L,NA,
2 16,2_16,PB,21.2,1,1,L,NA,
2 16,2_16,RP,45.3,1,3,L,NA,
2 16,2_16,Hk,27.1,1,1,L,NA,looked below breast height dobule
2 16,2_16,Hk,15.2,3,1,L,NA,looked below breast height dobule
2 23,2_23,RO,62.7,1,1,L,NA,
2 23,2_23,SM,13.5,3,1,L,NA,
2 23,2_23,RO,39,1,2,L,NA,
2 23,2_23,RO,41.5,1,2,L,Yes,
2 23,2_23,RO,30.3,2,1,L,Yes,
2 23,2_23,RO,53.8,1,2,L,No,
2 23,2_23,RO,48.8,1,2,L,No,
2 23,2_23,RO,66.6,1,1,L,No,
2 23,2_23,RO,58.8,1,2,L,No,
2 23,2_23,WP,70,1,1,L,NA,
2 24,2_24,RO,34.4,1,1,L,Yes,
2 24,2_24,RO,22.8,3,1,L,Yes,
2 24,2_24,RO,34.2,1,1,L,No,
2 24,2_24,SM,13.1,3,2,L,NA,
2 24,2_24,RO,34.5,1,2,L,No,
2 24,2_24,RM,24,2,1,L,NA,double stem
2 24,2_24,RO,38.1,1,1,L,No,double stem
2 24,2_24,RO,49.5,1,1,L,No,
2 24,2_24,RO,39.5,2,1,L,Yes,
2 24,2_24,RO,46.9,1,1,L,Yes,
2 24,2_24,RO,36.9,1,1,L,Yes,
2 24,2_24,RO,31.4,2,1,L,Yes,
2 31,2_31,WA,29.1,1,3,L,NA,
2 31,2_31,WA,41.7,1,2,L,NA,
2 31,2_31,SM,18.5,2,1,L,NA,
2 31,2_31,RM,35.8,1,1,L,NA,
2 31,2_31,SM,32.1,2,1,L,NA,
2 31,2_31,RM,43.7,1,1,L,NA,
2 31,2_31,RO,80.2,1,1,L,No,
2 31,2_31,RM,43.5,1,1,L,NA,
2 31,2_31,RM,46.1,1,1,L,NA,
2 31,2_31,RM,49.8,1,2,L,NA,Double stem
2 31,2_31,RM,26.4,2,1,L,NA,curvy
2 31,2_31,WP,16.8,3,4,L,NA,
2 31,2_31,WP,81.3,1,1,L,NA,
2 31,2_31,RM,27,3,2,L,NA,
2 31,2_31,RM,34.3,3,1,L,NA,
2 31,2_31,WA,57.1,1,1,L,NA,
2 38,2_38,WP,40,1,1,L,NA,
2 38,2_38,RM,47.2,1,1,L,NA,
2 38,2_38,RO,86.9,1,1,L,Yes,
2 38,2_38,BO,54.1,1,2,L,Yes,
2 38,2_38,WP,33.4,1,1,L,NA,
2 38,2_38,WP,15.4,3,1,L,NA,
2 38,2_38,WP,21.1,2,1,L,NA,
2 38,2_38,WP,81.5,1,1,L,NA,
2 38,2_38,HL,93.8,1,1,L,NA,
2 38,2_38,RO,77.9,1,1,L,Yes,
2 38,2_38,WP,32.6,1,1,L,NA,
2 38,2_38,WP,40.9,1,1,L,NA,
2 38,2_38,WP,38.4,1,1,L,NA,
2 38,2_38,SM,34.1,1,1,L,NA,
2 38,2_38,SM,37.3,1,1,L,NA,
2 38,2_38,SM,32.2,1,1,L,NA,
2 39 ,2_39 ,RO,51,1,2,L,Yes,
2 39 ,2_39 ,RO,60,1,1,L,No,
2 39 ,2_39 ,RO,70.2,1,2,L,Yes,
2 39 ,2_39 ,SM,37.3,1,1,L,NA,
2 39 ,2_39 ,Hk,39,1,1,L,NA,
2 39 ,2_39 ,RO,57.3,1,1,L,No,
2 39 ,2_39 ,RO,62.1,1,1,L,No,
2 39 ,2_39 ,RO,56.6,1,2,L,Yes,
2 40,2_40,SM,19.4,1,1,L,NA,
2 40,2_40,RM,39.7,1,2,L,NA,
2 40,2_40,RO,72.8,1,1,L,Yes,
2 40,2_40,RM,38,2,1,L,NA,
2 40,2_40,BB,58.5,1,1,L,NA,
2 41,2_41,RO,61.3,1,1,L,Yes,
2 41,2_41,RO,43.9,1,2,L,Yes,
2 41,2_41,RO,56.9,1,1,L,Yes,[measured one live] one dead double stem
2 41,2_41,RO,42.5,1,1,L,Yes,
2 41,2_41,RO,78.1,1,2,L,Yes,
2 41,2_41,BB,15.1,3,1,L,NA,
2 41,2_41,RM,23.2,2,2,L,NA,
2 41,2_41,WP,82.1,1,1,L,NA,
2 41,2_41,RO,56.2,1,1,L,Yes,big dead branch
2 41,2_41,RO,48.9,1,1,L,Yes,
2 41,2_41,RO,76.8,1,2,L,No,
2 47,2_47,RO,84.5,1,1,L,No,
2 47,2_47,RO,68.9,1,2,L,No,
2 47,2_47,RO,46.3,1,3,L,Yes,
2 47,2_47,RO,41,1,1,L,Yes,
2 47,2_47,RO,60,1,2,L,Yes,
2 47,2_47,RM,42.9,1,1,L,NA,
2 49,2_49,SM,48.3,1,2,L,NA,
2 49,2_49,RM,35.2,1,2,L,NA,
2 49,2_49,RM,64.5,1,2,L,NA,"primary trunk has much more dieback, double stem"
2 50,2_50,WP,64.2,1,2,L,NA,
2 50,2_50,WP,20.4,3,1,L,NA,
2 50,2_50,WP,56.9,1,2,L,NA,
2 50,2_50,RO,53.6,1,1,L,No,
2 50,2_50,WP,24,3,1,L,NA,
2 50,2_50,RO,40.3,1,1,L,Yes,
2 50,2_50,RO,36.5,1,2,L,Yes,double stem
2 50,2_50,RO,49.1,1,2,L,Yes,double stem
2 50,2_50,RO,50.9,1,1,L,Yes,
2 50,2_50,RO,48.7,1,2,L,Yes,double stem
2 50,2_50,RO,44.2,1,2,L,Yes,double stem
3 00,3_00,WP,45.5,1,1,L,NA,
3 00,3_00,WP,41,1,2,L,NA,
3 00,3_00,RO,54.2,1,1,L,Yes,
3 00,3_00,WP,46.2,1,1,L,NA,
3 00,3_00,WP,48.2,1,1,L,NA,
3 00,3_00,RO,38.7,1,1,L,No,
3 00,3_00,WP,58,1,1,L,NA,
3 00,3_00,WP,46.6,1,1,L,NA,
3 00,3_00,WP,44.6,1,1,L,NA,
3 00,3_00,WP,39.9,1,1,L,NA,
3 00,3_00,WP,42.9,1,1,L,NA,
3 04,3_04,RM,44.3,1,1,L,NA,
3 04,3_04,RM,44.7,2,1,L,NA,double stem
3 04,3_04,RM,36.9,2,1,L,NA,double stem
3 04,3_04,RM,34.5,2,1,L,NA,double stem
3 04,3_04,RM,38.8,1,2,L,NA,
3 04,3_04,BB,12,3,1,L,NA,
3 04,3_04,RM,34.1,2,1,L,NA,
3 04,3_04,RO,79.5,1,3,L,Yes,mushrooms
3 04,3_04,RM,64.2,1,1,L,NA,double stem
3 14,3_14,Hk,30.734,1,1,L,NA,
3 14,3_14,HL,35.306,3,4,L,NA,
3 14,3_14,RO,38.1,1,1,L,Yes,
3 14,3_14,RO,43.434,1,1,L,Yes,
3 14,3_14,Hk,32.131,1,1,L,NA,
3 14,3_14,BB,32.004,2,1,L,NA,
3 14,3_14,RO,53.467,1,2,L,Yes,
3 14,3_14,RO,50.419,1,1,L,Yes,large dead branch
3 15,3_15,RO,47.752,2,1,L,Yes,
3 15,3_15,RO,51.816,1,1,L,Yes,
3 15,3_15,RM,14.732,3,1,L,NA,
3 15,3_15,RO,42.672,1,2,L,Yes,
3 15,3_15,WO,40.005,1,1,L,Yes,
3 15,3_15,RO,59.436,1,1,L,Yes,
3 15,3_15,RM,23.114,2,1,L,NA,
3 16,3_16,WP,10.2,1,1,L,NA,
3 17,3_17,RM,60.5,1,3,L,NA,One live branch 
3 17,3_17,RO,52,1,2,L,Yes,
3 17,3_17,WP,77.5,1,1,L,NA,"triple stem, forks below "
3 17,3_17,WP,117.6,1,1,L,NA,"apart of triple stem, two stem measure here as fork above"
3 17,3_17,WP,56.4,1,1,L,NA,
3 19,3_19,BO,37.1,2,1,L,Yes,
3 19,3_19,RM,29.3,2,1,L,NA,Triple stem
3 19,3_19,RM,32.9,2,1,L,NA,triple stem
3 19,3_19,RM,32.7,2,1,L,NA,triple stem
3 19,3_19,WP,58.4,1,1,L,NA,
3 19,3_19,BB,10.6,2,1,L,NA,
3 19,3_19,WP,17.2,2,1,L,NA,
3 19,3_19,BO,60.9,1,1,L,No,double stem
3 19,3_19,WP,57.1,1,1,L,NA,
3 19,3_19,WP,25.5,1,1,L,NA,
3 20,3_20,RO,52.2,1,1,L,Yes,
3 20,3_20,WP,60.9,1,1,L,NA,
3 20,3_20,RO,40.5,1,1,L,No,edge of canopy under a WP but mainly exposed canopy 
3 20,3_20,HL,28.4,1,1,L,NA,
3 20,3_20,WP,93,1,1,L,NA,double stem fork above grace 
3 20,3_20,WP,73.8,1,1,L,NA,3 stem forked high 
3 20,3_20,WP,53,1,1,L,NA,
3 20,3_20,WP,55.4,1,1,L,NA,
3 20,3_20,BO,36,1,1,L,Yes,"some dieback, but not enough to warrent a 2-3, hard to see canopy"
3 21,3_21,WP,48.1,1,1,L,NA,
3 21,3_21,BO,18.3,1,2,L,Yes,
3 22,3_22,PB,53.7,1,1,L,NA,old age or damage on trunk
3 22,3_22,SM,37.9,1,1,L,NA,
3 22,3_22,YB,28.5,1,1,L,NA,
3 22,3_22,YB,12.5,2,1,L,NA,
3 22,3_22,RO,92.3,1,1,L,Yes,lots of epicomic sprouting
3 22,3_22,SM,34.4,1,1,L,NA,
3 22,3_22,SM,36.5,1,1,L,NA,
3 22,3_22,RP,51,1,1,L,NA,
3 25,3_25,RM,20.9,3,1,L,NA,
3 25,3_25,BB,34.6,1,1,L,NA,
3 25,3_25,WO,43.3,1,1,L,No,
3 25,3_25,RO,29.2,1,1,L,Yes,
3 25,3_25,WO,42.5,1,1,L,Yes,
3 25,3_25,RO,45.1,1,1,L,Yes,
3 25,3_25,RO,50.5,1,1,L,Yes,
3 25,3_25,RO,43.9,1,1,L,Yes,
3 27,3_27,RO,42.3,2,1,L,Yes,double stem
3 27,3_27,RO,39.9,2,1,L,Yes,double stem
3 27,3_27,WO,34.5,1,1,L,Yes,
3 27,3_27,WP,46.1,1,1,L,NA,
3 27,3_27,WP,14,3,1,L,NA,
3 27,3_27,WP,10.6,3,1,L,NA,
3 28,3_28,WP,45.6,1,1,L,NA,
3 28,3_28,WP,47.2,1,1,L,NA,
3 28,3_28,BO,32.5,1,2,L,No,
3 28,3_28,BO,40.1,1,2,L,No,
3 28,3_28,WP,82.9,1,1,L,NA,
3 28,3_28,Hk,37.2,2,1,L,NA,
3 28,3_28,Hk,33.7,1,1,L,NA,
3 28,3_28,Hk,36.6,1,1,L,NA,
3 28,3_28,Hk,32.7,1,1,L,NA,
3 28,3_28,RP,29.3,1,3,L,NA,
3 28,3_28,WP,43.6,1,2,L,NA,
3 28,3_28,WP,48.6,1,1,L,NA,
3 28,3_28,WP,57.1,1,1,L,NA,
3 29,3_29,RO,40.3,2,1,L,No,
3 29,3_29,RO,49.2,1,1,L,Yes,
3 29,3_29,RO,40,1,2,L,Yes,
3 30,3_30,RO,48.8,1,1,L,Yes,
3 30,3_30,WP,11.1,3,1,L,NA,
3 30,3_30,WP,33.8,2,1,L,NA,
3 30,3_30,RO,64.6,1,1,L,Yes,
3 30,3_30,WO,37.4,1,1,L,No,
3 30,3_30,RO,64.9,1,1,L,No,
3 32,3_32,WA,36.5,2,1,L,NA,
3 32,3_32,RO,77.9,1,2,L,No,Large dead forked branch
3 32,3_32,WA,51.7,1,1,L,NA,Forks above; forks joined by canker
3 32,3_32,RO,62.8,1,1,L,No,
3 32,3_32,RO,51,1,1,L,Yes,
3 32,3_32,RO,63.5,1,1,L,No,
3 35,3_35,RM,52.9,1,1,L,NA,
3 35,3_35,BO,55.1,1,2,L,No,
3 35,3_35,WP,54.1,1,2,L,NA,
3 35,3_35,WP,53.2,1,1,L,NA,
3 35,3_35,BB,43.1,3,1,L,NA,
3 35,3_35,WP,58.7,1,1,L,NA,
3 35,3_35,RM,18.2,1,1,L,NA,
3 39,3_39,RM,25.8,1,1,L,NA,
3 39,3_39,PB,53.5,2,1,L,NA,
3 39,3_39,RM,27.8,1,1,L,NA,
3 39,3_39,RM,30.6,2,1,L,NA,
3 39,3_39,BB,49.9,1,2,L,NA,
3 39,3_39,BB,47,2,1,L,NA,
3 39,3_39,BB,41,2,1,L,NA,
3 39,3_39,PB,34.7,3,2,L,NA,missing top and branch
3 49,3_49,WA,23.7,1,4,L,NA,
3 49,3_49,RO,39.6,1,1,L,Yes,
3 49,3_49,RO,72.1,1,1,L,Yes,
3 49,3_49,RO,59.8,1,1,L,Yes,
3 49,3_49,RM,51.9,1,1,L,NA,
3 49,3_49,RM,48.2,1,1,L,NA,
3 49,3_49,BB,92.2,1,1,L,NA,double; forks above breast height
3 49,3_49,RO,88,1,1,L,No,
3 49,3_49,BB,31.3,1,1,L,NA,
3 54,3_54,WO,32,1,2,L,No,
3 54,3_54,WA,29.8,1,2,L,NA,
3 54,3_54,BB,39.5,1,1,L,NA,
3 54,3_54,BB,34,1,1,L,NA,
3 54,3_54,RO,64.3,1,2,L,No,
3 54,3_54,WO,48.9,1,1,L,Yes,
3 54,3_54,RM,16.5,2,1,L,NA,
3 54,3_54,RO,48.9,1,2,L,Yes,
3 55,3_55,WO,24,3,1,L,No,
3 55,3_55,BO,44.4,2,2,L,No,
3 55,3_55,BB,38.6,2,1,L,NA,
3 55,3_55,RO,59.1,1,1,L,Yes,
3 55,3_55,BB,23.3,2,1,L,NA,
3 55,3_55,RO,43.6,1,1,L,Yes,
3 55,3_55,BB,37.8,2,1,L,NA,
3 55,3_55,RM,25.6,3,1,L,NA,
3 55,3_55,WP,30.1,2,2,L,NA,
3 60,3_60,BB,15.8,2,1,L,NA,
3 60,3_60,WP,58.7,1,1,L,NA,
3 60,3_60,WP,72.7,1,1,L,NA,
3 60,3_60,WP,62.9,1,1,L,NA,
3 60,3_60,WP,59,1,1,L,NA,
3 60,3_60,BB,26.2,3,1,L,NA,
3 60,3_60,WP,67,1,1,L,NA,
3 60,3_60,WP,74.4,1,1,L,NA,
3 60,3_60,WP,62,1,1,L,NA,
3 62,3_62,WP,70.3,1,1,L,NA,Double stem
3 62,3_62,WP,106.2,1,1,L,NA,Double stem
3 62,3_62,PB,41,2,1,L,NA,
3 62,3_62,RM,46.5,1,1,L,NA,
3 62,3_62,RM,33,1,1,L,NA,
3 62,3_62,RM,29.2,2,1,L,NA,
3 62,3_62,WP,42.6,1,1,L,NA,
3 62,3_62,WP,44.6,1,1,L,NA,
3 62,3_62,WP,82.2,1,1,L,NA,double stem
3 62,3_62,WP,44.6,1,1,L,NA,
3 62,3_62,WP,55.6,1,1,L,NA,
3 62,3_62,WP,42,1,1,L,NA,
3 62,3_62,WP,50.1,1,1,L,NA,
3 63,3_63,WP,68.9,1,1,L,NA,
3 63,3_63,BB,22.3,1,1,L,NA,
3 63,3_63,WP,88.7,1,1,L,NA,
3 63,3_63,WP,130.3,1,1,L,NA,Splits into 4
3 63,3_63,BB,15.5,1,1,L,NA,
3 63,3_63,BB,18,1,1,L,NA,
3 63,3_63,WP,96.4,1,1,L,NA,
3 63,3_63,BB,20.8,1,1,L,NA,
3 63,3_63,BB,23.3,1,1,L,NA,
3 63,3_63,BB,28.2,1,1,L,NA,
3 71,3_71,WP,36.9,2,1,L,NA,
3 71,3_71,WP,84.2,1,1,L,NA,
3 71,3_71,WP,78.5,1,1,L,NA,
3 71,3_71,WP,84.4,1,1,L,NA,
3 71,3_71,YB,27.5,2,1,L,NA,
3 71,3_71,YB,21.5,2,1,L,NA,
3 71,3_71,YB,37.1,1,1,L,NA,
3 71,3_71,YB,42.2,1,1,L,NA,
3 71,3_71,RO,53,1,1,L,Yes,
3 71,3_71,YB,27.7,2,1,L,NA,
3 73,3_73,Hk,54.3,1,1,L,NA,
3 73,3_73,RO,43,1,1,L,No,
3 73,3_73,RO,73.3,1,1,L,Yes,
3 73,3_73,RO,63.4,1,2,L,No,
3 73,3_73,SM,21,3,1,L,NA,
3 73,3_73,WA,44.9,3,3,L,NA,
3 73,3_73,SM,39,1,1,L,NA,
3 73,3_73,RO,44,1,1,L,Yes,
3 73,3_73,RO,44.9,1,2,L,Yes,
3 73,3_73,RO,88.9,1,2,L,Yes,
3 73,3_73,SM,32.4,2,1,L,NA,
3 74,3_74,RO,44.6,1,1,L,Yes,
3 74,3_74,Hk,19.9,3,1,L,NA,
3 74,3_74,RO,35.7,1,1,L,Yes,
3 74,3_74,RO,38.4,2,1,L,Yes,
3 74,3_74,RO,33.1,2,2,L,Yes,
3 74,3_74,RO,31.9,1,1,L,No,
3 74,3_74,RO,30.3,1,2,L,Yes,
3 74,3_74,RO,40.5,1,2,L,No,
3 74,3_74,RO,29.7,1,2,L,Yes,
3 74,3_74,RO,39.9,1,2,L,Yes,
3 74,3_74,RO,42.6,1,2,L,Yes,
3 75,3_75,RM,33.3,1,1,L,NA,double stem
3 75,3_75,RM,15.4,3,1,L,NA,double stem; top broke off
3 75,3_75,RM,29.3,1,1,L,NA,
3 75,3_75,RM,30.4,1,1,L,NA,
3 75,3_75,RM,39.4,1,1,L,NA,
3 75,3_75,RM,46.1,1,1,L,NA,double stem
3 75,3_75,RM,47.4,1,2,L,NA,"double stem; behind tree above, not in line of sight, but same size"
3 75,3_75,RM,45.3,1,1,L,NA,
3 75,3_75,RM,24.7,1,1,L,NA,
3 75,3_75,RM,59,1,1,L,NA,
3 75,3_75,RM,32.5,1,1,L,NA,
3 75,3_75,RO,59,1,1,L,Yes,
3 75,3_75,RM,22.9,2,2,L,NA,
3 75,3_75,RM,40.3,1,1,L,NA,
3 75,3_75,RM,41.2,1,1,L,NA,
3 77,3_77,RM,51.8,1,1,L,NA,double
3 77,3_77,WP,17.6,3,1,L,NA,
3 77,3_77,WP,15.1,2,1,L,NA,
3 77,3_77,WP,12.7,3,1,L,NA,
3 77,3_77,WP,11.6,3,1,L,NA,
3 77,3_77,RM,99.8,1,3,L,NA,"multi stems, few leaves, just alive"
3 77,3_77,RM,38.1,2,1,L,NA,
3 77,3_77,RM,34.8,2,1,L,NA,
3 77,3_77,WP,10.2,3,1,L,NA,
3 77,3_77,WP,14.4,3,1,L,NA,
3 77,3_77,RM,26.8,1,1,L,NA,
3 77,3_77,RM,30.3,1,1,L,NA,
3 77,3_77,WP,11.6,3,1,L,NA,
3 77,3_77,WP,10.5,3,1,L,NA,
3 78,3_78,WP,59.1,1,1,L,NA,
3 78,3_78,RM,72.9,1,1,L,NA,double stem
3 78,3_78,WP,14.6,3,1,L,NA,
3 78,3_78,RM,35.7,1,1,L,NA,
3 78,3_78,WP,13.7,3,1,L,NA,
3 78,3_78,RM,35.5,1,2,L,NA,
3 78,3_78,RM,55.3,1,1,L,NA,bark looks a little dead
3 78,3_78,RM,21.3,1,1,L,NA,
3 78,3_78,RM,42,1,1,L,NA,double stem
3 78,3_78,RM,29.3,1,1,L,NA,
3 78,3_78,RM,41.6,1,1,L,NA,
3 78,3_78,RM,29,1,1,L,NA,same stem
3 78,3_78,RM,28.6,1,1,L,NA,same stem
3 78,3_78,RM,69.6,1,1,L,NA,
3 78,3_78,WP,61.7,1,2,L,NA,
3 78,3_78,RM,63.8,1,2,L,NA,bark dead with mushrooms
3 79,3_79,RO,59.3,1,1,L,No,
3 79,3_79,RM,13.3,3,1,L,NA,
3 79,3_79,WP,75.7,1,1,L,NA,
3 79,3_79,RM,36.8,2,1,L,NA,
3 79,3_79,RO,45.2,1,1,L,Yes,Dead branch
3 79,3_79,RO,58.9,1,1,L,No,
3 79,3_79,RO,50.1,1,1,L,No,
3 79,3_79,WP,69.4,1,1,L,NA,
3 79,3_79,RM,29.5,1,1,L,NA,
3 79,3_79,RO,47.2,1,1,L,Yes,
3 79,3_79,RM,17.3,3,1,L,NA,
3 80,3_80,WO,20.1,3,1,L,Yes,
3 80,3_80,WO,35.4,1,1,L,Yes,
3 80,3_80,RM,35.5,1,2,L,NA,
3 80,3_80,WO,28.9,1,1,L,Yes,
3 80,3_80,WP,83.1,1,1,L,NA,
3 80,3_80,RM,21.5,3,1,L,NA,
3 80,3_80,RM,32.4,1,1,L,NA,
3 80,3_80,WO,58.7,1,1,L,Yes,holes spiraling around trunk in pattern
3 80,3_80,WP,60.1,1,1,L,NA,
3 80,3_80,RM,49.2,1,1,L,NA,
3 80,3_80,WO,23.3,1,1,L,Yes,
3 83,3_83,WA,42.5,1,2,L,NA,
3 83,3_83,WA,22.1,2,2,L,NA,
3 83,3_83,BO,72,1,2,L,No,
3 83,3_83,WA,59.4,1,3,L,NA,
3 83,3_83,RO,52.8,1,1,L,Yes,
3 83,3_83,WA,24.3,2,2,L,NA,
3 83,3_83,WA,23.9,2,2,L,NA,
3 83,3_83,BO,64,1,2,L,Yes,
3 85,3_85,WO,37.6,1,1,L,Yes,
3 85,3_85,RO,55.1,1,1,L,Yes,
3 85,3_85,RO,32.8,1,1,L,Yes,
3 85,3_85,RO,18.5,2,1,L,Yes,
3 88,3_88,SM,19.8,3,1,L,NA,
3 88,3_88,BO,58.2,1,1,L,Yes,
3 88,3_88,RO,51.6,1,1,L,No,
3 88,3_88,RM,17.9,3,1,L,NA,
3 88,3_88,BO,47.5,1,2,L,Yes,
3 88,3_88,WA,46.2,1,1,L,NA,
3 88,3_88,WA,15.2,2,1,L,NA,
3 88,3_88,RO,52.8,1,4,L,Yes,
3 96,3_96,WP,58.5,1,1,L,NA,
3 96,3_96,BO,55.9,1,2,L,Yes,"scars, bark coming off"
3 96,3_96,WP,55.2,1,1,L,NA,
3 96,3_96,WP,60.9,1,1,L,NA,double stem above dbh
3 96,3_96,BO,36.4,2,2,L,Yes,big dead branch
3 96,3_96,WP,70.4,1,1,L,NA,no blue line
3 96,3_96,BO,31,3,2,L,Yes,
3 96,3_96,BO,48.5,1,1,L,Yes,signifcant dead branches
3 96,3_96,RM,20.6,3,1,L,NA,foliage in layers
3 96,3_96,WP,55.6,1,1,L,NA,
3 96,3_96,RO,41.6,1,1,L,Yes,
3 96,3_96,BO,40.6,1,1,L,Yes,
3 96,3_96,WO,32,1,1,L,Yes,
3 97,3_97,RM,30.9,1,1,L,NA,
3 97,3_97,WP,91.7,1,1,L,NA,
3 97,3_97,RO,54.2,1,3,L,Yes,"mushrooms anddead bark, 4 large dead branches, only one live branch fully covered with leaves"
3 99,3_99,RM,60.3,1,1,L,NA,
3 99,3_99,WP,10.6,2,1,L,NA,
3 99,3_99,WP,12.2,2,1,L,NA,
3 99,3_99,RO,64.6,1,1,L,Yes,
3 99,3_99,YB,47.2,2,1,L,NA,decay; hole in trunk
3 99,3_99,RM,35.8,3,1,L,NA,
4 13,4_13,RO,78.8,1,2,L,Yes,
4 13,4_13,RO,27.4,2,1,L,NA,
4 13,4_13,RO,43.8,1,1,L,Yes,
4 13,4_13,RM,21.5,2,1,L,NA,
4 13,4_13,RM,27.5,2,1,L,NA,
4 13,4_13,RM,29,2,1,L,NA,
4 13,4_13,BB,57.4,1,1,L,NA,
4 16,4_16,RM,24.4,1,1,L,NA,
4 16,4_16,RM,32.3,2,1,L,NA,
4 16,4_16,WP,65.5,1,1,L,NA,
4 16,4_16,RO,60.5,1,1,L,NA,
4 16,4_16,RO,71,1,2,L,No,hawthorn on it
4 16,4_16,BO,32.2,1,2,L,Yes,
4 16,4_16,RM,27,1,2,L,NA,
4 17,4_17,RO,52.5,1,1,L,No,
4 17,4_17,RO,58.6,1,2,L,Yes,One big dead brnach
4 17,4_17,RO,70.1,1,1,L,Yes,double stem
4 17,4_17,RO,66.9,1,1,L,Yes,double stem
4 17,4_17,RO,53.7,1,1,L,Yes,
4 17,4_17,RO,24.8,3,1,L,Yes,
4 17,4_17,RO,43,2,1,L,Yes,double stem
4 17,4_17,RO,52.5,1,1,L,Yes,double stem
4 17,4_17,RO,59.8,1,1,L,Yes,
4 17,4_17,WO,33.7,3,2,L,Yes,
4 17,4_17,RO,49.8,2,1,L,Yes,few dead branches
4 17,4_17,RO,67.5,1,2,L,Yes,
4 25,4_25,BO,69.3,1,2,L,NA,
4 25,4_25,RO,62.3,1,1,L,NA,
4 25,4_25,IW,30.2,1,1,L,NA,
4 25,4_25,IW,21.2,1,1,L,NA,
4 25,4_25,IW,28.3,1,1,L,NA,
4 25,4_25,WA,54.5,1,1,L,NA,
4 25,4_25,WA,74.8,1,1,L,NA,
4 25,4_25,WA,53,1,1,L,NA,
4 26,4_26,WA,32,1,2,L,NA,
4 26,4_26,RM,28.7,1,2,L,NA,
4 26,4_26,RM,40.4,1,1,L,NA,
4 27,4_27,RO,32.4,1,1,L,Yes,
4 27,4_27,RO,24.4,3,2,L,Yes,
4 27,4_27,RO,22.6,2,1,L,Yes,
4 27,4_27,RO,30.4,1,2,L,Yes,
4 27,4_27,RO,28.9,1,2,L,Yes,
4 27,4_27,RO,29.3,1,2,L,Yes,
4 27,4_27,RO,26.8,1,2,L,Yes,
4 27,4_27,RO,21.1,2,2,L,Yes,
4 27,4_27,RO,26.5,1,2,L,Yes,
4 27,4_27,RO,41.1,1,2,L,Yes,
4 27,4_27,RO,37.2,1,2,L,Yes,
4 27,4_27,RO,26.8,1,2,L,Yes,
4 27,4_27,RO,21.7,3,4,L,NA,
4 27,4_27,RO,37,1,1,L,Yes,
4 31,4_31,BB,16.8,3,1,L,NA,
4 31,4_31,RO,24.5,3,2,L,Yes,
4 31,4_31,RO,42.5,1,2,L,No,
4 31,4_31,RO,42.9,1,2,L,No,
4 31,4_31,RO,43.9,1,3,L,Yes,
4 31,4_31,RO,41.1,1,1,L,Yes,
4 31,4_31,RO,45.6,1,1,L,Yes,
4 31,4_31,RO,39.9,1,1,L,Yes,
4 31,4_31,RO,52.6,1,2,L,Yes,
4 31,4_31,RO,52,1,2,L,Yes,
4 31,4_31,RO,46.6,1,2,L,No,triple stem only one in 
4 31,4_31,RO,36.2,1,1,L,No,
4 31,4_31,BB,26.3,1,1,L,NA,
4 33,4_33,RO,32.7,1,2,L,Yes,
4 33,4_33,RO,35.4,1,1,L,Yes,
4 33,4_33,RO,41.5,1,2,L,Yes,Around 50% dieback
4 33,4_33,RO,50.9,1,2,L,No,
4 33,4_33,WO,42.7,1,2,L,Yes,
4 33,4_33,RO,39.9,1,1,L,No,
4 33,4_33,RO,36,2,1,L,Yes,
4 33,4_33,RO,31.4,1,1,L,Yes,
4 35,4_35,RM,22.7,1,1,L,NA,
4 35,4_35,RM,14.4,1,1,L,NA,
4 35,4_35,RO,51,1,1,L,No,
4 37,4_37,RO,47.8,1,1,L,NA,
4 37,4_37,RO,50.3,1,1,L,Yes,
4 37,4_37,BO,41.6,1,1,L,No,
4 37,4_37,RM,12.6,1,1,L,NA,
4 37,4_37,RO,55.3,1,2,L,Yes,
4 37,4_37,RM,21.3,2,1,L,NA,
4 37,4_37,RO,52.3,1,1,L,No,
4 39,4_39,WP,73.5,1,1,L,NA,
4 39,4_39,RM,23.1,3,1,L,NA,
4 39,4_39,RM,18,3,1,L,NA,
4 39,4_39,WP,58.2,1,1,L,NA,
4 39,4_39,WP,75.9,1,1,L,NA,
4 39,4_39,RO,45,1,1,L,No,
4 40,4_40,BB,14.3,3,1,L,NA,
4 40,4_40,RO,29.3,1,1,L,Yes,
4 40,4_40,RO,55.1,1,1,L,Yes,
4 40,4_40,RO,54.8,1,1,L,No,
4 40,4_40,RO,58.6,1,1,L,Yes,
4 40,4_40,RO,51.3,1,1,L,Yes,
4 40,4_40,RO,52.8,1,1,L,Yes,
4 43,4_43,RO,70.5,1,1,L,Yes,
4 43,4_43,RO,51.2,1,1,L,Yes,
4 43,4_43,RO,42.8,1,1,L,Yes,
4 43,4_43,RO,53.2,1,1,L,Yes,
4 43,4_43,RO,34.3,1,1,L,Yes,
4 43,4_43,RO,28.1,1,1,L,Yes,
4 43,4_43,RO,31.6,1,1,L,Yes,
4 43,4_43,RO,24.7,1,1,L,Yes,
4 43,4_43,RO,35,1,1,L,Yes,
4 43,4_43,RO,44.1,1,1,L,No,
4 43,4_43,RM,14.3,3,1,L,NA,
4 43,4_43,WP,69.3,1,3,L,NA,
4 43,4_43,RO,38.1,1,1,L,No,
4 44,4_44,RO,63.8,1,2,L,Yes,
4 44,4_44,RO,54.1,1,1,L,Yes,
4 44,4_44,SM,22,2,1,L,NA,
4 44,4_44,RM,31.2,2,1,L,NA,
4 44,4_44,WA,38.1,1,4,L,NA,
4 44,4_44,WA,40.3,1,4,L,NA,
4 44,4_44,BB,37.6,1,1,L,NA,
4 44,4_44,RO,47.3,1,1,L,Yes,
4 53,4_53,WP,11.5,3,1,L,NA,
4 53,4_53,SM,35.4,1,1,L,NA,
4 53,4_53,SM,76.7,1,1,L,NA,
4 53,4_53,WA,38.4,1,1,L,NA,
4 53,4_53,SM,77.2,1,1,L,NA,
4 53,4_53,SM,39.5,3,1,L,NA,
4 53,4_53,SM,28.3,3,1,L,NA,
4 53,4_53,RM,28.7,3,1,L,NA,
4 53,4_53,RO,48.2,1,1,L,No,A little die back
4 56,4_56,BB,47.9,1,1,L,NA,
4 56,4_56,BB,70.3,2,1,L,NA,
4 56,4_56,BB,45,2,1,L,NA,
4 56,4_56,RM,46.2,1,1,L,NA,
4 56,4_56,RO,48.6,2,1,L,Yes,
4 56,4_56,SM,35.2,1,1,L,NA,
4 57,4_57,RO,42,1,2,L,No,bid dead branch
4 57,4_57,RO,70.3,1,2,L,Yes,"Triple stem, 1 died and broke off"
4 60,4_60,PB,38.8,1,1,L,NA,
4 60,4_60,RM,32.4,1,1,L,NA,
4 60,4_60,RO,50.9,1,1,L,Yes,"Forks, 1 fork dead"
4 60,4_60,RO,44.8,1,1,L,Yes,
4 60,4_60,RO,36.8,1,1,L,Yes,
4 60,4_60,WO,32.9,2,1,L,Yes,Wide base
4 60,4_60,RM,25.7,2,1,L,NA,
4 62,4_62,BB,60.3,1,1,L,NA,
4 62,4_62,BB,52.9,1,3,L,NA,
4 62,4_62,RM,16,3,1,L,NA,
4 62,4_62,RM,48,1,1,L,NA,
4 62,4_62,WA,55.6,1,2,L,NA,
4 62,4_62,WA,24.3,1,4,L,NA,
4 62,4_62,RM,25.5,1,1,L,NA,
4 62,4_62,BB,102.8,2,1,L,NA,
4 62,4_62,BB,34.4,2,1,L,NA,
4 62,4_62,BB,41.2,2,4,L,NA,
4 62,4_62,Hk,35.1,1,1,L,NA,
4 62,4_62,SM,10.8,3,1,L,NA,
4 62,4_62,RO,43.2,1,1,L,Yes,
4 62,4_62,WA,40,1,2,L,NA,
4 62,4_62,RO,55.5,1,2,L,No,
4 62,4_62,BB,64.2,1,1,L,NA,
4 63,4_63,BB,42.1,2,1,L,NA,concave trunk
4 63,4_63,BB,40.2,1,1,L,NA,
4 63,4_63,RO,37.5,1,1,L,Yes,
4 63,4_63,RO,44.6,1,1,L,Yes,double stem; other dead
4 63,4_63,WO,30,1,2,L,No,
4 63,4_63,BB,29.1,3,1,L,NA,
4 63,4_63,BB,38.6,2,1,L,NA,
4 64,4_64,RM,34.7,1,1,L,NA,
4 64,4_64,Hk,34.2,1,1,L,NA,
4 64,4_64,RM,36.6,1,1,L,NA,
4 64,4_64,SM,18.7,2,1,L,NA,
4 64,4_64,WA,42,1,1,L,NA,
4 64,4_64,RO,81.8,1,2,L,Yes,
4 67,4_67,RO,64.8,1,2,L,No,
4 67,4_67,Hk,23.1,1,1,L,NA,
4 67,4_67,Hk,28.5,2,1,L,NA,
4 67,4_67,Hk,40.7,1,1,L,NA,
4 67,4_67,RO,67.1,1,1,L,Yes,
4 67,4_67,SM,19.4,3,1,L,NA,
4 67,4_67,Hk,40.8,1,1,L,NA,
4 67,4_67,Hk,50.1,1,1,L,NA,
4 67,4_67,Hk,36.7,1,1,L,NA,
4 67,4_67,Hk,32.3,1,1,L,NA,
4 68,4_68,RO,45.8,1,1,L,No,Both well above the canopy together
4 68,4_68,RO,45.8,1,1,L,No,
4 72,4_72,RO,38.1,1,1,L,Yes,
4 72,4_72,RM,34.1,2,1,L,NA,
4 72,4_72,RO,73.4,1,1,L,No,
4 72,4_72,RO,48.7,2,1,L,Yes,
4 72,4_72,RO,36.4,2,1,L,No,
4 72,4_72,RO,54.3,1,1,L,Yes,
4 72,4_72,WA,23.8,2,1,L,NA,
4 72,4_72,WA,26.3,2,1,L,NA,
4 72,4_72,WA,49,1,1,L,NA,
4 72,4_72,RO,42.5,1,1,L,Yes,
4 74,4_74,WP,44.3,1,1,L,NA,
4 74,4_74,WP,21.9,1,1,L,NA,
4 74,4_74,WP,25.3,1,1,L,NA,
4 74,4_74,WP,35.4,1,1,L,NA,
4 74,4_74,WP,16.7,1,1,L,NA,
4 74,4_74,WP,22,1,1,L,NA,
4 74,4_74,WP,17.8,1,1,L,NA,
4 74,4_74,WP,32.2,1,1,L,NA,
4 74,4_74,WP,28.8,1,1,L,NA,
4 74,4_74,WP,36.4,1,1,L,NA,
4 74,4_74,WP,34.6,1,1,L,NA,
4 74,4_74,SM,90.7,1,1,L,NA,Branch fell off
4 76,4_76,RO,54.3,1,1,L,Yes,
4 76,4_76,RO,52.1,1,1,L,Yes,
4 76,4_76,RO,45.2,1,1,L,Yes,
4 76,4_76,Be,23.2,3,1,L,NA,
4 76,4_76,RO,52.9,1,2,L,Yes,
4 76,4_76,WP,60.9,1,1,L,NA,
4 76,4_76,BB,38.9,1,1,L,NA,
4 76,4_76,RM,18.2,3,1,L,NA,
4 76,4_76,RO,53.9,1,2,L,Yes,
4 77,4_77,WA,87,1,1,L,NA,"In a clearing directly by the woods, hollow for ~15 ft"
4 77,4_77,RO,55.7,1,1,L,Yes,
4 77,4_77,WA,52.1,1,1,L,NA,missing top of crown 
4 85,4_85,BB,38.3,2,1,L,NA,
4 85,4_85,BB,41.6,1,1,L,NA,
4 85,4_85,BB,10.4,3,1,L,NA,
4 85,4_85,BB,14.5,3,1,L,NA,
4 85,4_85,BB,45.7,1,1,L,NA,
4 85,4_85,BB,34.7,1,1,L,NA,
4 85,4_85,WP,69.3,1,1,L,NA,
4 85,4_85,WP,61.2,1,1,L,NA,
4 85,4_85,WP,51.7,1,1,L,NA,
4 85,4_85,WP,57.4,1,1,L,NA,
4 85,4_85,WP,50.4,1,1,L,NA,
4 85,4_85,BB,41.2,1,1,L,NA,
4 85,4_85,BB,40.4,1,1,L,NA,
4 85,4_85,BB,33.2,2,1,L,NA,
4 85,4_85,BB,42.4,1,1,L,NA,
4 85,4_85,WP,31,3,1,L,NA,
4 87,4_87,WP,52.5,1,1,L,NA,
4 87,4_87,BB,12.8,2,1,L,NA,
4 87,4_87,BB,12.9,2,1,L,NA,
4 87,4_87,BB,11.1,2,1,L,NA,
4 87,4_87,WP,46.6,1,1,L,NA,
4 87,4_87,BB,10.1,2,1,L,NA,
4 87,4_87,BB,12.3,2,1,L,NA,
4 87,4_87,BB,16.8,2,1,L,NA,
4 90,4_90,WA,52.4,1,1,L,NA,
4 90,4_90,RM,26.8,3,1,L,NA,
4 90,4_90,RM,39.8,1,1,L,NA,
4 90,4_90,RM,50.8,2,1,L,NA,
4 90,4_90,RM,37.2,2,1,L,NA,
4 90,4_90,WP,108.5,1,1,L,NA,double
4 90,4_90,RM,48.1,1,1,L,NA,
4 90,4_90,RM,68.7,1,1,L,NA,double  of fourstem
4 90,4_90,RM,52.1,1,1,L,NA,four stem
4 90,4_90,RM,42.8,1,1,L,NA,four stem
4 90,4_90,WP,94.6,1,1,L,NA,
4 90,4_90,RM,35.1,1,2,L,NA,
4 93,4_93,RO,74.5,1,1,L,Yes,
4 93,4_93,RO,61.8,1,1,L,Yes,
4 93,4_93,RO,56.8,1,2,L,Yes,
4 96,4_96,RM,42.6,1,1,L,NA,
4 96,4_96,WA,50.3,1,1,L,NA,
4 96,4_96,BB,31.3,2,1,L,NA,
4 96,4_96,BB,35,1,1,L,NA,
4 96,4_96,BB,15.6,2,1,L,NA,
4 96,4_96,BB,47.6,2,1,L,NA,Nectria canker
4 96,4_96,WA,57.1,1,1,L,NA,
4 96,4_96,WA,13.5,2,1,L,NA,
4 96,4_96,BB,46.1,1,1,L,NA,big crown
4 96,4_96,BB,27.9,1,1,L,NA,
4 96,4_96,BB,20.8,2,1,L,NA,bent base on mound
4 96,4_96,BB,32.1,1,1,L,NA,
4 97,4_97,BB,25.9,2,1,L,NA,
4 97,4_97,WA,39.8,1,1,L,NA,
4 97,4_97,WA,54.1,1,1,L,NA,
4 97,4_97,BB,32.3,3,1,L,NA,
4 97,4_97,RM,67.7,1,1,L,NA,
4 97,4_97,WA,44.5,1,1,L,NA,
4 97,4_97,WA,62.4,1,1,L,NA,
4 97,4_97,BB,31.4,2,1,L,NA,
4 97,4_97,WA,62.3,1,1,L,NA,
4 97,4_97,RM,28.9,2,1,L,NA,
4 97,4_97,RM,27.2,2,1,L,NA,
5 00,5_00,WP,64.1,1,1,L,NA,
5 00,5_00,WP,74.3,1,1,L,NA,
5 00,5_00,RM,43.2,2,1,L,NA,
5 00,5_00,WP,71.5,2,1,L,NA,
5 00,5_00,WP,19.5,3,1,L,NA,
5 00,5_00,WP,60.8,1,1,L,NA,
5 00,5_00,WP,59,1,1,L,NA,
5 00,5_00,WP,58.8,1,1,L,NA,
5 00,5_00,RM,31.2,1,1,L,NA,
5 00,5_00,RM,30.1,1,1,L,NA,
5 00,5_00,RM,22.9,2,1,L,NA,
5 00,5_00,WP,47,1,1,L,NA,
5 00,5_00,RM,37,1,1,L,NA,
5 06,5_06,WP,64.3,1,1,L,NA,
5 06,5_06,WP,52.8,1,1,L,NA,
5 06,5_06,WP,77.6,1,1,L,NA,
5 06,5_06,WP,63.4,1,1,L,NA,
5 06,5_06,BB,15,3,1,L,NA,
5 06,5_06,BB,14.3,2,1,L,NA,leaning
5 06,5_06,WA,43.3,1,4,L,NA,2 branches with leaves
5 07,5_07,WP,38.8,1,1,L,NA,
5 07,5_07,WP,60.6,1,1,L,NA,
5 07,5_07,WP,39.5,2,1,L,NA,
5 07,5_07,WP,65.9,1,1,L,NA,
5 07,5_07,WP,60.8,1,1,L,NA,
5 07,5_07,WP,67.4,1,1,L,NA,
5 07,5_07,RM,41.5,2,1,L,NA,
5 07,5_07,RO,75,1,2,L,Yes,
5 07,5_07,RM,52.4,3,1,L,NA,
5 07,5_07,Hk,44.5,2,1,L,NA,
5 07,5_07,WP,26.2,3,1,L,NA,
5 09,5_09,WP,10.3,3,1,L,NA,
5 09,5_09,WP,10.5,3,1,L,NA,
5 09,5_09,WP,43.2,1,1,L,NA,
5 09,5_09,RM ,57.2,1,1,L,NA,
5 09,5_09,WP,53.8,1,1,L,NA,
5 09,5_09,WP,53.1,1,1,L,NA,
5 09,5_09,WP,59.7,1,1,L,NA,
5 09,5_09,WP,58,1,1,L,NA,
5 09,5_09,RO,56.5,1,1,L,Yes,
5 09,5_09,RM,36.7,2,1,L,NA,
5 09,5_09,WP,33.5,1,1,L,NA,
5 09,5_09,WP,54.8,1,1,L,NA,
5 09,5_09,WP,51.6,1,1,L,NA,
5 09,5_09,WP,54.3,1,1,L,NA,
5 10,5_10,RM,40.6,1,1,L,NA,double stem
5 10,5_10,RM,42.1,1,1,L,NA,double stem
5 10,5_10,WP,46.2,1,1,L,NA,
5 10,5_10,RM,57.4,2,1,L,NA,double stem
5 10,5_10,WP,62.9,1,1,L,NA,
5 10,5_10,RM,71.1,1,1,L,NA,triple stem 
5 10,5_10,RM,36,1,1,L,NA,
5 10,5_10,RM,46.6,2,1,L,NA,double stem
5 10,5_10,RM,32.8,1,1,L,NA,
5 10,5_10,WP,53.8,1,1,L,NA,
5 10,5_10,RM,30.2,2,1,L,NA,
5 10,5_10,WP,48.5,1,1,L,NA,
5 10,5_10,RM,36.4,1,2,L,NA,
5 12,5_12,WP,79.1,1,1,L,NA,
5 12,5_12,RM,41.8,1,1,L,NA,
5 12,5_12,WP,69.8,1,1,L,NA,
5 15,5_15,RM,19.3,3,1,L,NA,
5 15,5_15,RM,54.9,2,2,L,NA,"double stem, one stem dead"
5 15,5_15,Hk,44,1,1,L,NA,Shagbark hickory
5 15,5_15,RM,49.6,2,1,L,NA,
5 15,5_15,RM,51.9,1,1,L,NA,
5 15,5_15,RM,70,1,1,L,NA,
5 15,5_15,WP,84.8,1,1,L,NA,
5 15,5_15,WA,47,1,3,L,NA,
5 15,5_15,WA,38,1,2,L,NA,
5 15,5_15,RM,35.4,1,1,L,NA,
5 20,5_20,BB,13.3,2,1,L,NA,
5 20,5_20,RO,30.6,1,1,L,Yes,
5 20,5_20,RO,31.5,1,1,L,Yes,Some dieback
5 20,5_20,RO,32.5,1,1,L,Yes,
5 20,5_20,RO,35.5,1,1,L,Yes,
5 20,5_20,RO,38.9,1,2,L,Yes,
5 20,5_20,RO,26.2,1,2,L,Yes,
5 20,5_20,RO,35.2,1,1,L,Yes,
5 20,5_20,RO,39.9,1,2,L,Yes,
5 24,5_24,RM,53.6,1,1,L,NA,4 stems
5 24,5_24,RM,20.5,1,1,L,NA,4 stems
5 24,5_24,RM,20.9,1,1,L,NA,4 stems
5 24,5_24,RM,40.6,1,1,L,NA,
5 24,5_24,WP,64,1,1,L,NA,
5 24,5_24,RO,39.5,1,1,L,No,
5 24,5_24,RM,60.6,1,2,L,NA,
5 24,5_24,RM,30.3,2,1,L,NA,
5 24,5_24,RO,51.3,1,1,L,No,
5 24,5_24,RO,46.2,2,2,L,No,Big branch gone
5 24,5_24,WO,72.2,2,3,L,No,
5 24,5_24,WP,67.9,1,1,L,NA,
5 24,5_24,RO,47.8,1,1,L,No,
5 24,5_24,RM,41.3,1,2,L,NA,
5 26,5_26,Hk,14.1,2,1,L,NA,
5 26,5_26,WO,60.6,1,1,L,No,
5 26,5_26,BO,40.6,1,1,L,Yes,
5 26,5_26,BO,74.8,1,1,L,No,
5 26,5_26,Hk,16.8,3,1,L,NA,double stem
5 26,5_26,RM,41.2,1,1,L,NA,Double stem
5 26,5_26,RM,33,1,1,L,NA,
5 26,5_26,RO,52.3,1,1,L,Yes,
5 26,5_26,RO,60.1,1,2,L,Yes,
5 27,5_27,RM,44,1,1,L,NA,
5 27,5_27,RM,39.9,1,1,L,NA,
5 27,5_27,RM,33.9,1,1,L,NA,
5 27,5_27,Hk,73.2,1,1,L,NA,
5 27,5_27,RM,31.8,1,1,L,NA,
5 27,5_27,RM,46.4,1,1,L,NA,
5 27,5_27,RM,27,3,1,L,NA,
5 27,5_27,RM,67.8,1,1,L,NA,
5 27,5_27,RM,27.8,2,1,L,NA,
5 27,5_27,RM,46.1,2,1,L,NA,
5 27,5_27,RO,82.4,1,2,L,No,
5 27,5_27,BO,47.9,2,1,L,No,
5 27,5_27,BO,62,1,1,L,Yes,
5 30,5_30,WP,85.9,1,1,L,NA,
5 30,5_30,RO,35.8,2,1,L,Yes,
5 30,5_30,WP,73.4,1,1,L,NA,
5 30,5_30,WP,75.3,1,1,L,NA,
5 30,5_30,BB,16.3,1,1,L,NA,
5 30,5_30,BB,11.2,1,1,L,NA,
5 30,5_30,BB,17.9,1,1,L,NA,
5 30,5_30,WP,74.7,1,1,L,NA,
5 30,5_30,Hk,15.8,1,1,L,NA,
5 30,5_30,WP,88.7,1,1,L,NA,
5 32,5_32,BB,9.2,1,1,L,NA,
5 32,5_32,WP,31.5,1,1,L,NA,
5 32,5_32,WP,53,1,1,L,NA,
5 32,5_32,WP,76.5,1,1,L,NA,
5 32,5_32,RO,42.5,2,1,L,Yes,
5 32,5_32,BB,42.2,2,3,L,NA,
5 32,5_32,RO,34.4,1,1,L,Yes,
5 32,5_32,RM,19.6,2,1,L,NA,
5 32,5_32,BO,44.9,1,1,L,Yes,
5 32,5_32,BO,42.6,1,1,L,Yes,
5 32,5_32,RM,10.7,3,1,L,NA,
5 32,5_32,BO,26.3,1,1,L,Yes,
5 32,5_32,BO,39,1,1,L,No,Leaning
5 38,5_38,RO,23.4,2,1,L,Yes,
5 38,5_38,SM,19.5,3,1,L,NA,
5 38,5_38,SM,17.7,3,1,L,NA,
5 38,5_38,WP,61.3,1,1,L,NA,
5 38,5_38,WP,64,1,1,L,NA,
5 38,5_38,RO,83.3,1,1,L,Yes,
5 38,5_38,RM,32.5,2,1,L,NA,
5 38,5_38,BO,46.2,1,1,L,Yes,
5 38,5_38,WP,52.8,1,1,L,NA,
5 38,5_38,Hk,13.3,3,1,L,NA,
5 38,5_38,Hk,33.3,2,1,L,NA,
5 38,5_38,RO,79.6,1,1,L,No,spongy moth
5 54,5_54,BB,28.1,1,1,L,NA,
5 54,5_54,WP,70.1,1,1,L,NA,
5 54,5_54,RO,32,1,1,L,Yes,
5 54,5_54,WP,20.8,1,1,L,NA,
5 54,5_54,RO,45.3,1,1,L,Yes,
5 54,5_54,RO,29.2,2,1,L,Yes,
5 54,5_54,BB,27.4,1,1,L,NA,
5 54,5_54,SM,23.9,3,1,L,NA,
5 54,5_54,SM,42.9,1,1,L,NA,
5 54,5_54,RO,54.5,1,1,L,NA,
5 54,5_54,WP,17,2,2,L,NA,
5 54,5_54,RM,12.2,3,1,L,NA,
5 55,5_55,RO,43,1,1,L,Yes,
5 55,5_55,WP,54.5,1,1,L,NA,
5 55,5_55,WP,60.3,1,1,L,NA,
5 55,5_55,BO,41.6,3,2,L,Yes,
5 55,5_55,WP,59.4,1,1,L,NA,
5 55,5_55,RO,59.7,1,2,L,Yes,
5 55,5_55,WP,53.1,1,1,L,NA,
5 55,5_55,WP,58.6,1,1,L,NA,
5 55,5_55,RM,20.3,3,2,L,NA,
5 55,5_55,RM,17.8,3,1,L,NA,
5 55,5_55,RP,15.3,3,3,L,NA,
5 56,5_56,WO,37.7,1,3,L,Yes,
5 56,5_56,RO,47.9,1,2,L,Yes,Double Stem
5 56,5_56,WP,43,1,2,L,NA,
5 56,5_56,WO,25.8,2,1,L,Yes,
5 56,5_56,WO,30.8,1,2,L,Yes,
5 56,5_56,BO,46,1,1,L,No,
5 56,5_56,BO,35.8,1,1,L,No,
5 56,5_56,BO,43.4,1,1,L,Yes,
5 56,5_56,WO,14.5,2,2,L,No,
5 56,5_56,WP,24.6,2,3,L,NA,
5 58,5_58,RO,44.8,1,1,L,No,
5 58,5_58,BO,32.6,1,2,L,Yes,
5 58,5_58,RO,49.6,1,4,L,No,fungi on stem
5 58,5_58,WO,33.5,1,2,L,Yes,
5 58,5_58,RM,16.4,3,1,L,NA,
5 58,5_58,WO,32.3,1,1,L,Yes,some die back 
5 58,5_58,RO,43.5,1,2,L,Yes,
5 58,5_58,RO,60.7,1,1,L,Yes,
5 58,5_58,RM,16.3,3,1,L,NA,
5 58,5_58,RM,18.1,3,1,L,NA,
5 59,5_59,RO,56.2,1,1,L,NA,
5 59,5_59,BB,16.6,3,1,L,NA,
5 59,5_59,RO,57.8,1,1,L,NA,
5 59,5_59,RM,18.2,3,1,L,NA,
5 59,5_59,BB,18.8,2,1,L,NA,
5 59,5_59,WP,62.7,1,1,L,NA,
5 59,5_59,WP,62.9,1,1,L,NA,
5 59,5_59,WP,54.7,1,1,L,NA,
5 59,5_59,RM,13.3,3,1,L,NA,
5 59,5_59,RO,49.1,1,2,L,Yes,
5 64,5_64,Hk,45.6,2,1,L,NA,
5 64,5_64,RO,39.3,1,1,L,Yes,
5 64,5_64,RO,50.5,1,1,L,No ,
5 64,5_64,RO,51.2,1,1,L,Yes,
5 64,5_64,Hk,31.6,1,1,L,NA,
5 65,5_65,RO,66,1,1,L,No ,
5 65,5_65,WP,11.5,3,2,L,NA,
5 65,5_65,Hk,30,1,1,L,NA,
5 65,5_65,Hk,35.2,1,1,L,NA,
5 75,5_75,WP,75.6,1,1,L,NA,
5 75,5_75,PB,19.2,1,2,L,NA,
5 75,5_75,RM,18.4,3,1,L,NA,
5 75,5_75,RO,46.9,2,1,L,Yes,
5 75,5_75,RM,19.3,2,1,L,NA,
5 75,5_75,RM,41.9,2,1,L,NA,
5 75,5_75,RM,38,1,2,L,NA,
5 75,5_75,WP,34.5,1,1,L,NA,
5 75,5_75,WP,98.3,1,1,L,NA,
5 75,5_75,WP,103.5,1,1,L,NA,
5 75,5_75,WP,56.6,1,1,L,NA,
5 75,5_75,WP,72.8,1,1,L,NA,
5 77,5_77,WP,49.2,1,1,L,NA,
5 77,5_77,WA,19.6,2,1,L,NA,
5 77,5_77,RM,36,3,1,L,NA,
5 77,5_77,RO,49.8,1,1,L,Yes,
5 77,5_77,RO,44.1,1,1,L,Yes,
5 77,5_77,WP,32.2,2,1,L,NA,
5 77,5_77,WA,28.6,1,2,L,NA,
5 77,5_77,WA,20.5,1,4,L,NA,
5 77,5_77,WA,27.6,1,1,L,NA,
5 77,5_77,WP,65.9,1,1,L,NA,
5 81,5_81,RO,47.2,1,1,L,No,
5 81,5_81,RO,66,1,1,L,No,
5 81,5_81,PB,16.3,3,1,L,NA,
5 81,5_81,RO,62,1,1,L,No,
5 81,5_81,WO,63.7,1,1,L,Yes,
5 81,5_81,RO,69.1,1,1,L,No,
5 81,5_81,RO,62.1,1,1,L,Yes,
5 81,5_81,RO,55.6,1,1,L,No,
5 81,5_81,RO,32.3,1,1,L,Yes,
5 81,5_81,RO,81.1,1,1,L,No,
5 85,5_85,RO,40.9,1,2,L,Yes,
5 85,5_85,RM,14.1,3,1,L,NA,Top fell off
5 85,5_85,RO,91.5,1,1,L,No,
5 85,5_85,RO,67,1,1,L,Yes,
5 85,5_85,RO,61,1,1,L,Yes,
5 85,5_85,RO,58.5,1,1,L,Yes,
5 85,5_85,RO,73.3,1,1,L,Yes,
5 85,5_85,RO,76.6,1,1,L,Yes,
5 85,5_85,RO,60.4,1,1,L,No,
5 85,5_85,RO,66.8,1,1,L,No,
5 85,5_85,RO,63.4,1,1,L,No,
5 85,5_85,RM,28.5,3,1,L,NA,
5 86,5_86,RO,63.8,1,1,L,Yes,
5 86,5_86,RO,52.7,1,1,L,Yes,
5 86,5_86,RM,27.4,2,1,L,NA,
5 86,5_86,RM,51.8,2,1,L,NA,
5 86,5_86,RO,28.8,1,1,L,NA,
5 86,5_86,PB,18.4,3,1,L,NA,
5 87,5_87,BB,37.8,1,1,L,NA,
5 87,5_87,RM,44.8,1,1,L,NA,
5 87,5_87,BB,20,2,1,L,NA,
5 87,5_87,WA,13.3,3,1,L,NA,
5 87,5_87,RM,53.5,1,1,L,NA,
5 87,5_87,Hk,21.2,3,1,L,NA,
5 87,5_87,RM,33.9,1,1,L,NA,
5 87,5_87,Hk,24.7,3,1,L,NA,
5 87,5_87,Hk,38.1,1,1,L,NA,
5 88,5_88,BB,47.3,1,1,L,NA,
5 88,5_88,BB,13.7,3,1,L,NA,
5 88,5_88,Hk,45.9,1,1,L,NA,
5 88,5_88,Hk,48.4,1,1,L,NA,
5 88,5_88,WP,42.5,1,1,L,NA,
5 88,5_88,WA,58.8,1,1,L,NA,
5 88,5_88,BB,25.8,2,1,L,NA,
5 88,5_88,BB,31.3,1,1,L,NA,
5 88,5_88,WP,71.2,1,1,L,NA,
5 88,5_88,BB,25.4,1,1,L,NA,
5 90,5_90,RO,48.3,1,1,L,No,
5 90,5_90,BB,14.5,2,1,L,NA,
5 90,5_90,WP,10.2,3,1,L,NA,
5 90,5_90,RM,38.5,1,1,L,NA,hole in trunk; measured above dbh
5 90,5_90,BB,40.5,1,1,L,NA,
5 90,5_90,RO,40.6,1,1,L,Yes,
5 90,5_90,BB,52.2,1,1,L,NA,
5 90,5_90,BO,45.2,1,1,L,Yes,
5 91,5_91,WP,66.7,1,1,L,NA,
5 91,5_91,BB,21.9,3,1,L,NA,
5 91,5_91,RO,53.6,1,1,L,NA,
5 91,5_91,BB,10.5,3,1,L,NA,
5 91,5_91,WO,44.9,1,2,L,NA,
5 91,5_91,RO,50,1,1,L,NA,
5 91,5_91,RO,59.7,1,1,L,NA,
5 91,5_91,BB,23.7,3,1,L,NA,
5 91,5_91,RO,47.5,1,1,L,NA,
5 91,5_91,RO,39.9,3,1,L,NA,
5 92,5_92,RO,55.5,1,1,L,No,
5 92,5_92,BB,32.8,3,1,L,NA,
5 92,5_92,RO,63.1,1,1,L,No,
5 92,5_92,RO,21.1,2,1,L,Yes,
5 92,5_92,RO,34.9,1,1,L,Yes,Triple stem
5 92,5_92,RO,39.9,1,1,L,Yes,Triple stem
5 92,5_92,RO,36.1,1,1,L,Yes,Triple stem
5 92,5_92,RO,64.4,1,1,L,Yes,
5 92,5_92,RO,77.3,1,1,L,No,
5 97,5_97,BB,42.75,2,1,L,NA,
5 97,5_97,WP,87.4,1,1,L,NA,
5 97,5_97,Hk,28.5,1,1,L,NA,
5 97,5_97,Hk,22.7,1,1,L,NA,
5 97,5_97,Hk,47,1,1,L,NA,
5 97,5_97,WO,56.2,1,1,L,Yes,
5 97,5_97,WP,71.1,1,1,L,NA,
5 97,5_97,WP,68.2,1,1,L,NA,
5 97,5_97,RM,37,3,1,L,NA,
5 97,5_97,WP,66.6,1,1,L,NA,
5 97,5_97,WA,49.4,1,1,L,NA,
5 97,5_97,RM,94.9,1,1,L,NA,
5 97,5_97,BB,26.9,1,1,L,NA,
5 97,5_97,BB,28.3,1,1,L,NA,
5 97,5_97,WA,36.3,1,1,L,NA,
5 97,5_97,WA,62.1,1,1,L,NA,
5 98,5_98,RM,16.1,1,1,L,NA,
5 98,5_98,RO,41,1,1,L,No,
5 98,5_98,RO,29.4,1,1,L,Yes,
5 98,5_98,RO,29.8,1,1,L,Yes,
5 98,5_98,BO,10.5,3,1,L,No,
5 98,5_98,RO,22.3,1,1,L,Yes,
6 01,6_01,RO,31.9,1,1,L,Yes,small amount of canopy dieback
6 01,6_01,RO,31.3,1,2,L,Yes,
6 01,6_01,RO,26.2,1,1,L,Yes,
6 01,6_01,RO,31.9,1,1,L,Yes,
6 01,6_01,BB,21.8,1,1,L,NA,
6 01,6_01,BB,23.9,2,1,L,NA,
6 01,6_01,RO,38.3,1,2,L,Yes,
6 01,6_01,BB,30,1,1,L,NA,
6 01,6_01,WP,41.1,1,1,L,NA,
6 01,6_01,WP,48.5,1,1,L,NA,
6 01,6_01,WP,49.2,1,1,L,NA,
6 01,6_01,RO,25.3,2,1,L,Yes,1-2 big dead branches
6 01,6_01,RO,47.7,1,2,L,Yes,
6 03,6_03,SM,54.6,1,1,L,NA,
6 03,6_03,SM,38.4,1,1,L,NA,Hollow hole at base; catface
6 03,6_03,RM,36.7,2,1,L,NA,
6 03,6_03,RO,55.2,1,1,L,Yes,
6 03,6_03,WA,36.5,1,3,L,NA,
6 03,6_03,SM,23.3,1,2,L,NA,
6 03,6_03,WA,54.7,1,1,L,NA,
6 03,6_03,SM,40.6,1,1,L,NA,
6 03,6_03,SM,24.9,2,1,L,NA,
6 03,6_03,RO,63.1,1,1,L,Yes,
6 04,6_04,BB,13.1,2,1,L,NA,
6 04,6_04,RM,37.2,1,1,L,NA,double stem
6 04,6_04,RM,24.5,2,1,L,NA,
6 04,6_04,WA,40.9,1,2,L,NA,double stem
6 04,6_04,WA,37.7,1,2,L,NA,
6 04,6_04,RM,41.8,2,1,L,NA,
6 04,6_04,RM,128.4,1,1,L,NA,5 stems above DBH
6 04,6_04,YB,39.5,2,1,L,NA,
6 04,6_04,WA,39.5,1,1,L,NA,
6 04,6_04,WA,53.9,1,1,L,NA,
6 04,6_04,RM,57.7,1,1,L,NA,
6 04,6_04,WA,49.9,1,4,L,NA,only one sprout remains
6 05,6_05,RO,58.7,1,1,L,No,double
6 05,6_05,RO,54.8,1,1,L,Yes,dieback
6 05,6_05,RO,68.3,1,1,L,Yes,
6 05,6_05,RO,59.2,1,1,L,Yes,
6 08,6_08,RO,23.7,1,4,L,NA,
6 08,6_08,BB,22.1,1,1,L,NA,
6 08,6_08,RO,43.7,1,1,L,No,
6 08,6_08,RO,43.5,1,1,L,Yes,
6 08,6_08,WO,58.9,1,2,L,Yes,
6 11,6_11,RM,23.5,2,1,L,NA,
6 11,6_11,RO,46.7,1,1,L,Yes,Same tree
6 11,6_11,RO,45.3,1,1,L,Yes,Same tree
6 11,6_11,BB,48.9,2,1,L,NA,
6 11,6_11,WP,37.2,1,1,L,NA,
6 11,6_11,Hk,12.7,1,1,L,NA,
6 12,6_12,WP,55.8,1,1,L,NA,
6 12,6_12,WP,53.3,1,1,L,NA,
6 12,6_12,WP,57.6,1,1,L,NA,
6 12,6_12,BB,36.9,1,1,L,NA,
6 12,6_12,SM,36.8,1,1,L,NA,
6 12,6_12,WP,69.1,1,1,L,NA,
6 13,6_13,WP,78.3,1,1,L,NA,
6 13,6_13,BB,11.1,1,1,L,NA,
6 13,6_13,BB,11,1,1,L,NA,
6 13,6_13,BB,12,1,1,L,NA,
6 13,6_13,BB,15.1,1,1,L,NA,
6 13,6_13,WP,58.3,1,1,L,NA,
6 13,6_13,RM,25.2,1,1,L,NA,
6 13,6_13,YB,29.8,2,1,L,NA,
6 13,6_13,BB,15.5,2,1,L,NA,
6 13,6_13,WP,54.9,1,3,L,NA,double stem
6 13,6_13,RM,40.9,1,1,L,NA,
6 13,6_13,RM,28.1,1,1,L,NA,double stem
6 13,6_13,RM,31.7,1,1,L,NA,double stem
6 13,6_13,BB,12.6,1,1,L,NA,
6 19,6_19,WP,44,1,1,L,NA,
6 19,6_19,WP,41.1,1,1,L,NA,
6 19,6_19,WP,11.6,1,1,L,NA,
6 19,6_19,WP,57.2,1,1,L,NA,
6 19,6_19,WP,60.4,1,1,L,NA,
6 19,6_19,WP,54.7,1,1,L,NA,
6 19,6_19,WP,53.3,1,1,L,NA,
6 19,6_19,WP,35.7,1,1,L,NA,
6 19,6_19,WP,36.1,1,1,L,NA,
6 19,6_19,WP,38.5,1,1,L,NA,
6 19,6_19,BB,16.5,2,1,L,NA,
6 19,6_19,WP,53.4,1,1,L,NA,
6 19,6_19,WP,59.3,1,1,L,NA,
6 19,6_19,WP,53.5,1,1,L,NA,
6 19,6_19,WP,54.1,1,1,L,NA,
6 19,6_19,WP,48.5,1,1,L,NA,
6 19,6_19,WP,52.5,1,1,L,NA,
6 19,6_19,WP,51.2,1,1,L,NA,
6 23,6_23,RO,64.3,1,3,L,Yes,
6 23,6_23,RO,2.9,2,2,L,Yes,
6 23,6_23,RM,13.5,1,1,L,NA,
6 24,6_24,RO,26,1,1,L,Yes,
6 24,6_24,RO,59.7,1,2,L,Yes,
6 24,6_24,WO,26.3,2,1,L,Yes,
6 24,6_24,RO,47.7,1,1,L,Yes,
6 28,6_28,BO,36.5,1,2,L,No,
6 28,6_28,RO,29.1,2,1,L,Yes,
6 28,6_28,RO,48.6,1,1,L,Yes,
6 28,6_28,RO,30.6,1,2,L,Yes,
6 28,6_28,WP,26.4,3,1,L,NA,
6 28,6_28,RM,13.9,3,1,L,NA,
6 28,6_28,WP,50.7,1,1,L,NA,
6 28,6_28,RO,39.3,1,2,L,Yes,
6 28,6_28,WP,38,1,1,L,NA,
6 28,6_28,RO,34,1,1,L,Yes,
6 28,6_28,RO,33.9,1,2,L,Yes,
6 29,6_29,RM,23.6,1,1,L,NA,
6 29,6_29,WP,47.1,1,1,L,NA,
6 29,6_29,WO,49,1,2,L,Yes,
6 29,6_29,WO,40.8,1,2,L,Yes,
6 29,6_29,RO,25.3,1,1,L,Yes,
6 33,6_33,BB,27.2,2,1,L,NA,Recent Timber Harvest
6 33,6_33,SM,22.4,1,1,L,NA,
6 33,6_33,RM,18,2,1,L,NA,
6 33,6_33,WP,12.6,3,2,L,NA,
6 33,6_33,RO,61.5,1,1,L,Yes,
6 35,6_35,YB,20.3,2,1,L,NA,
6 35,6_35,BB,30.9,2,1,L,NA,
6 35,6_35,BB,41.6,1,1,L,NA,
6 35,6_35,YB,24.4,2,1,L,NA,
6 37,6_37,BB,30,2,1,L,NA,
6 37,6_37,SM,38.3,2,1,L,NA,
6 37,6_37,SM,22.1,2,1,L,NA,
6 37,6_37,RM,10.6,3,1,L,NA,
6 37,6_37,BB,30.4,2,1,L,NA,
6 37,6_37,BB,43,1,1,L,NA,
6 37,6_37,RM,31.1,2,1,L,NA,
6 37,6_37,Hk,33.9,1,1,L,NA,
6 37,6_37,WO,52.6,1,1,L,Yes,
6 42,6_42,BO,44,1,2,L,Yes,
6 42,6_42,BO,57.1,1,2,L,Yes,few mushrooms
6 46,6_46,WP,63,1,1,L,NA,
6 46,6_46,WP,57.7,1,2,L,NA,
6 46,6_46,HL,30.2,1,3,L,NA,
6 46,6_46,PB,29.5,2,1,L,NA,
6 46,6_46,WP,54.7,1,1,L,NA,
6 46,6_46,WP,59.2,1,1,L,NA,
6 46,6_46,WP,57.4,1,1,L,NA,
6 46,6_46,WP,44.8,1,1,L,NA,
6 46,6_46,WP,42.8,1,1,L,NA,
6 46,6_46,WP,55.3,1,1,L,NA,
6 47,6_47,RM,25.1,2,1,L,NA,double stem; pine cover
6 47,6_47,RM,30.6,2,1,L,NA,double stem; pine cover
6 47,6_47,WP,69.6,1,1,L,NA,
6 47,6_47,WP,52.9,1,1,L,NA,
6 47,6_47,WP,53.1,1,1,L,NA,
6 47,6_47,WP,65.7,1,1,L,NA,
6 47,6_47,WP,62.2,1,1,L,NA,
6 47,6_47,WP,67.4,1,1,L,NA,
6 47,6_47,WP,65.8,1,1,L,NA,
6 47,6_47,WP,58.7,1,1,L,NA,
6 47,6_47,WP,60.9,1,1,L,NA,
6 47,6_47,WP,73.5,1,1,L,NA,
6 47,6_47,WP,103.8,1,1,L,NA,3 stems
6 47,6_47,RM,26,3,1,L,NA,
6 47,6_47,Hk,21,3,1,L,NA,
6 47,6_47,RO,45.5,1,2,L,No,"Many dead branches on stem, but health crown"
6 47,6_47,WP,103.9,1,1,L,NA,
6 47,6_47,WP,64.6,1,1,L,NA,
6 50,6_50,SM,50.8,1,1,L,NA,
6 50,6_50,SM,36.4,1,1,L,NA,
6 50,6_50,WP,60.7,1,1,L,NA,
6 50,6_50,SM,43.3,1,1,L,NA,
6 50,6_50,WP,24.6,2,2,L,NA,
6 50,6_50,WP,37.5,1,1,L,NA,
6 50,6_50,WP,50,1,1,L,NA,
6 50,6_50,WP,48.2,1,1,L,NA,
6 50,6_50,SM,56.3,1,1,L,NA,
6 53,6_53,WP,82.4,1,1,L,NA,
6 53,6_53,WP,70.1,1,1,L,NA,
6 53,6_53,WP,53.6,1,1,L,NA,
6 53,6_53,WP,90.3,1,1,L,NA,
6 53,6_53,WO,57.5,1,2,L,NA,
6 53,6_53,BB,29.9,3,1,L,NA,
6 53,6_53,BB,26,2,1,L,NA,
6 53,6_53,RO,64.7,1,1,L,Yes,
6 53,6_53,WP,80.5,1,1,L,NA,long vertical crack
6 53,6_53,RO,65.4,1,1,L,NA,
6 56,6_56,SM,49.5,3,2,L,NA,
6 56,6_56,WP,40.9,2,1,L,NA,
6 56,6_56,WP,28.3,2,1,L,NA,
6 56,6_56,WP,46.6,1,1,L,NA,
6 56,6_56,WO,55.6,3,1,L,No,
6 56,6_56,SM,20.4,2,2,L,NA,Rot/looks dead
6 56,6_56,SM,55.3,3,1,L,NA,
6 59,6_59,RM,29.1,1,1,L,NA,
6 59,6_59,RM,21.4,3,1,L,NA,
6 59,6_59,WA,27.8,1,1,L,NA,
6 59,6_59,WP,77.7,1,1,L,NA,double stem
6 59,6_59,SM,27.9,3,1,L,NA,
6 59,6_59,RM,29.7,2,1,L,NA,triple stem
6 59,6_59,RM,43.1,1,1,L,NA,triple stem
6 59,6_59,RM,39,1,1,L,NA,triple stem
6 59,6_59,RM,52.6,2,1,L,NA,triple stem; forks above
6 59,6_59,WP,71.2,1,1,L,NA,
6 59,6_59,RM,23.4,2,1,L,NA,lean bc right by creek
6 59,6_59,RM,25.9,3,1,L,NA,
6 59,6_59,SM,33.5,3,1,L,NA,lean bc right by creek
6 59,6_59,SM,31.3,2,1,L,NA,
6 59,6_59,WP,49.1,1,1,L,NA,
6 59,6_59,WA,54.6,1,2,L,NA,
6 59,6_59,WP,72.2,1,1,L,NA,
6 59,6_59,RM,18,2,1,L,NA,
6 60,6_60,SM,33.7,3,1,L,NA,Shares base
6 60,6_60,SM,43.1,3,1,L,NA,Shares base
6 60,6_60,SM,27.4,3,1,L,NA,Shares base
6 60,6_60,SM,32.1,3,1,L,NA,Shares base
6 60,6_60,SM,65.6,3,1,L,NA,
6 65,6_65,RM,30.5,1,1,L,NA,
6 65,6_65,RM,29.7,1,1,L,NA,
6 65,6_65,BB,12.1,3,1,L,NA,
6 65,6_65,WP,51.1,1,1,L,NA,
6 65,6_65,WP,55.8,1,1,L,NA,
6 66,6_66,RM,62.1,1,2,L,NA,
6 66,6_66,NS,30.7,3,1,L,NA,
6 66,6_66,SM,36.9,1,1,L,NA,
6 66,6_66,RO,81.2,1,2,L,Yes,Fire scars
6 66,6_66,WP,31.7,1,1,L,NA,
6 66,6_66,SM,19.9,1,1,L,NA,
6 66,6_66,SM,19.5,1,1,L,NA,
6 66,6_66,RO,50.2,1,1,L,NA,
6 66,6_66,RM,24.8,2,1,L,NA,
6 66,6_66,WP,10.9,3,1,L,NA,
6 66,6_66,RM,22.3,2,1,L,NA,
6 66,6_66,RM,36.9,1,1,L,NA,
6 66,6_66,SM,26.2,1,1,L,NA,
6 67,6_67,WP,36.4,2,1,L,NA,
6 67,6_67,WP,31.5,1,1,L,NA,
6 67,6_67,RM,26,2,3,L,NA,
6 67,6_67,WP,37.8,1,1,L,NA,
6 67,6_67,WP,41.7,1,1,L,NA,
6 67,6_67,WP,31.3,1,1,L,NA,
6 67,6_67,WP,68.2,1,1,L,NA,
6 67,6_67,RO,47.5,3,1,L,Yes,
6 67,6_67,WP,45,1,1,L,NA,
6 67,6_67,WP,20.8,3,2,L,NA,
6 67,6_67,BB,25,2,1,L,NA,
6 67,6_67,WP,45.7,1,1,L,NA,
6 67,6_67,WP,55.9,1,1,L,NA,
6 68,6_68,RO,49.7,1,1,L,Yes,
6 68,6_68,WP,40.3,1,1,L,NA,
6 68,6_68,BB,41.4,1,1,L,NA,
6 68,6_68,RM,44,1,2,L,NA,
6 68,6_68,RM,43.4,1,1,L,NA,
6 68,6_68,BB,24.2,3,1,L,NA,
6 68,6_68,BB,24.1,3,1,L,NA,
6 68,6_68,WP,48.5,1,1,L,NA,
6 68,6_68,RM,24.4,2,1,L,NA,double stem
6 68,6_68,RM,30.7,2,1,L,NA,double stem
6 68,6_68,RM,68.8,1,1,L,NA,double stem
6 68,6_68,WP,20.9,2,3,L,NA,
6 69,6_69,RM,42.2,1,1,L,NA,Triple stem
6 69,6_69,RM,50.1,1,1,L,NA,Triple stem
6 69,6_69,RM,16.1,3,1,L,NA,
6 69,6_69,RO,43.9,1,1,L,Yes,
6 69,6_69,BB,40.8,2,1,L,NA,
6 69,6_69,WP,40.6,1,1,L,NA,
6 69,6_69,RO,65.7,1,2,L,NA,
6 69,6_69,WA,32.9,2,1,L,NA,
6 69,6_69,BB,16.4,3,1,L,NA,
6 69,6_69,BB,32.3,2,1,L,NA,
6 69,6_69,BB,25.3,2,1,L,NA,
6 69,6_69,WP,51.3,1,1,L,NA,
6 69,6_69,WP,60.5,1,1,L,NA,
6 69,6_69,WA,36.7,1,,L,NA,
6 70,6_70,RM,17.1,2,1,L,NA,top off
6 70,6_70,WP,62.3,1,1,L,NA,
6 70,6_70,WP,64.3,1,1,L,NA,
6 70,6_70,RM,45.8,1,1,L,NA,
6 70,6_70,BB,40.6,1,1,L,NA,hole at bottom
6 70,6_70,BB,26.9,2,1,L,NA,
6 70,6_70,RM,33.3,1,1,L,NA,double
6 70,6_70,RM,26.2,2,1,L,NA,double
6 70,6_70,WP,45.5,1,1,L,NA,
6 70,6_70,RM,31.3,2,1,L,NA,
6 70,6_70,RM,19.4,3,2,L,NA,
6 70,6_70,BB,27.4,3,1,L,NA,root sticking out of ground
6 70,6_70,BB,28.8,3,1,L,NA,
6 70,6_70,WP,42.7,1,2,L,NA,
6 72,6_72,RM,15.7,2,1,L,NA,
6 72,6_72,RO,89.5,1,1,L,Yes,
6 72,6_72,BB,29.5,1,1,L,NA,
6 72,6_72,RO,63.2,1,1,L,Yes,
6 72,6_72,RM,26.6,2,1,L,NA,
6 72,6_72,RM,33.2,1,1,L,NA,Double stem
6 72,6_72,RM,32.8,1,1,L,NA,Double stem
6 72,6_72,RO,68.9,1,2,L,Yes,
6 72,6_72,RO,99.4,1,3,L,Yes,
6 77,6_77,WP,36.5,1,3,L,NA,
6 77,6_77,WP,43.9,1,1,L,NA,
6 77,6_77,BB,34.5,2,1,L,NA,
6 77,6_77,WP,55.6,1,1,L,NA,
6 77,6_77,WP,56.8,1,1,L,NA,
6 77,6_77,WP,68.9,1,1,L,NA,
6 77,6_77,BB,12.4,3,1,L,NA,
6 77,6_77,WP,12.6,3,4,L,NA,
6 77,6_77,WP,50.3,1,1,L,NA,
6 77,6_77,WP,46.2,2,2,L,NA,
6 77,6_77,WP,73.3,1,1,L,NA,
6 77,6_77,WP,42.6,1,1,L,NA,
6 77,6_77,WP,48.2,1,1,L,NA,
6 77,6_77,WP,42.8,2,1,L,NA,
6 77,6_77,WP,36.1,1,1,L,NA,
6 77,6_77,WP,44.1,1,1,L,NA,
6 77,6_77,WP,38.8,2,2,L,NA,
6 77,6_77,WP,38.8,1,1,L,NA,
6 77,6_77,WP,56.2,1,1,L,NA,
6 77,6_77,WP,67.6,1,1,L,NA,
6 78,6_78,BB,35.4,1,1,L,NA,
6 78,6_78,RO,56.2,1,2,L,Yes,
6 78,6_78,BB,34.1,1,1,L,NA,Same tree fork
6 78,6_78,BB,35.7,1,1,L,NA,same tree fork
6 78,6_78,RO,53.6,1,1,L,Yes,
6 78,6_78,RO,50.6,1,2,L,Yes,
6 78,6_78,RM,20.3,2,1,L,NA,
6 78,6_78,RM,19.9,2,1,L,NA,
6 78,6_78,RO,50.9,1,1,L,Yes,
6 81,6_81,WP,38.5,2,1,L,NA,
6 81,6_81,WP,77.8,1,1,L,NA,
6 81,6_81,WP,79.3,1,1,L,NA,
6 81,6_81,WA,53.2,1,1,L,NA,
6 81,6_81,WP,88.2,1,1,L,NA,
6 81,6_81,BC,27.6,2,3,L,NA,Bittersweet wrapped; one main branch left
6 81,6_81,WP,24.4,2,1,L,NA,
6 81,6_81,WP,60.5,1,1,L,NA,
6 81,6_81,BC,50,2,1,L,NA,
6 81,6_81,WP,94,1,1,L,NA,double stem
6 82,6_82,RM,19.6,2,1,L,NA,
6 82,6_82,WP,22.2,1,1,L,NA,short
6 82,6_82,WP,39.5,1,1,L,NA,
6 82,6_82,BB,39.2,2,1,L,NA,
6 82,6_82,RM,27.9,2,1,L,NA,
6 84,6_84,RM,22,3,2,L,NA,"top off, but lots of low foliage"
6 84,6_84,RO,50.8,1,2,L,Yes,
6 84,6_84,BB,22.4,1,1,L,NA,
6 84,6_84,WP,39.8,1,1,L,NA,
6 85,6_85,RO,49.2,1,1,L,No,
6 85,6_85,WP,59.6,1,1,L,NA,
6 85,6_85,WP,72.2,1,1,L,NA,
6 85,6_85,Hk,35,1,1,L,NA,
6 85,6_85,RO,99.9,1,1,L,Yes,
6 85,6_85,RM,16.2,2,1,L,NA,
6 85,6_85,RM,15.6,2,1,L,NA,
6 85,6_85,RO,101.5,1,1,L,Yes,a lot of sprouts
6 85,6_85,RO,61.7,1,2,L,Yes,
6 85,6_85,SM,45.5,1,1,L,NA,could have been covered by an oak before it died
6 88,6_88,WP,74.8,1,1,L,NA,
6 88,6_88,WP,20.7,2,1,L,NA,
6 88,6_88,WP,39,1,1,L,NA,
6 88,6_88,WP,60.7,1,1,L,NA,
6 88,6_88,WP,29.3,1,1,L,NA,
6 88,6_88,RO,41.7,1,1,L,No,Double stem
6 88,6_88,RO,41.8,1,1,L,Yes,Double stem
6 89,6_89,WP,72.6,1,1,L,NA,
6 89,6_89,RM,36.1,1,1,L,NA,
6 89,6_89,WP,73.6,1,1,L,NA,
6 89,6_89,WP,85.4,1,1,L,NA,
6 89,6_89,SM,40.2,1,1,L,NA,
6 89,6_89,RM,50.8,1,1,L,NA,
6 89,6_89,RM,26.8,2,1,L,NA,
6 89,6_89,WP,47.3,1,1,L,NA,
6 89,6_89,RM,27.7,1,1,L,NA,
6 89,6_89,RM,42.5,1,1,L,NA,
6 90,6_90,WP,55.2,1,2,L,NA,
6 90,6_90,WP,66.1,1,1,L,NA,
6 90,6_90,WP,42.6,1,1,L,NA,
6 90,6_90,WP,42.4,1,1,L,NA,
6 90,6_90,WP,30,1,3,L,NA,
6 90,6_90,WP,49.9,1,1,L,NA,
6 90,6_90,WP,51.8,1,1,L,NA,
6 90,6_90,RO,35.4,1,1,L,Yes,
6 90,6_90,WP,61,1,1,L,NA,
6 90,6_90,WP,64.2,1,1,L,NA,
6 90,6_90,WP,52.1,1,1,L,NA,
6 90,6_90,WP,49.8,1,2,L,NA,
6 90,6_90,WP,51.2,1,1,L,NA,
6 90,6_90,WP,53.8,1,2,L,NA,
6 90,6_90,WP,32.8,1,1,L,NA,
6 90,6_90,WP,59.2,1,1,L,NA,
6 90,6_90,WP,42.8,1,2,L,NA,
6 91,6_91,BC,38.5,1,1,L,NA,
6 91,6_91,WP,49.4,1,1,L,NA,
6 91,6_91,WA,53.4,1,1,L,NA,
6 91,6_91,RO,20.4,2,1,L,Yes,
6 92 ,6_92 ,RO,43.9,1,1,L,Yes,
6 92 ,6_92 ,WP,29.7,3,1,L,NA,
6 92 ,6_92 ,RO,34.1,1,1,L,Yes,
6 92 ,6_92 ,RO,39.2,1,1,L,Yes,
6 92 ,6_92 ,RO,37,1,1,L,Yes,
6 92 ,6_92 ,WO,26.1,1,1,L,Yes,
6 92 ,6_92 ,WP,13.5,2,1,L,NA,
6 92 ,6_92 ,BO,26.9,1,2,L,No,
6 92 ,6_92 ,WO,57.1,1,1,L,Yes,
6 92 ,6_92 ,RO,49.8,2,1,L,Yes,
6 93,6_93,WP,23.4,1,1,L,NA,
6 93,6_93,BB,13.7,1,1,L,NA,
6 93,6_93,HL,20,1,1,L,NA,
6 93,6_93,WP,21.8,1,1,L,NA,
6 93,6_93,BB,22,2,1,L,NA,
6 96,6_96,WO,46.3,1,1,L,No,
6 96,6_96,WP,13.8,2,1,L,NA,
6 96,6_96,RO,39.4,1,1,L,Yes,
6 96,6_96,WP,70,1,1,L,NA,
6 96,6_96,WP,17.1,2,1,L,NA,
6 96,6_96,WP,13.8,2,1,L,NA,
6 96,6_96,WP,15.7,2,1,L,NA,
6 96,6_96,WP,18.4,2,1,L,NA,
6 96,6_96,WO,48.3,1,2,L,No,
